Date,Mean_Return,Avg_Volatility20
2020-01-02,0.09769220629015518,0.6484891805160371
2020-01-03,0.2455573767757859,0.6029527235953573
2020-01-06,0.026167992837956743,0.6637026368089317
2020-01-07,0.04779955904173452,0.6377583728769621
2020-01-08,0.05806989569571785,0.5691344634690012
2020-01-09,0.12294869435268754,0.6176933848168038
2020-01-10,0.04714219967748509,0.5959224119011367
2020-01-13,0.007601940484590941,0.6426997994397334
2020-01-14,0.06767259707133874,0.6192558724261328
2020-01-15,-0.014477627442502802,0.5964028619158243
2020-01-16,0.10961154177415809,0.6288357185503066
2020-01-17,0.08272345979794792,0.6676769188521309
2020-01-20,0.23062003990165417,0.7033288994929177
2020-01-21,0.14411270742081972,0.6140268946280569
2020-01-22,0.027078606737656562,0.6553447722765436
2020-01-23,0.18650903626737583,0.6202477018267861
2020-01-24,-0.025584924587746975,0.6000050229571023
2020-01-27,0.10872929409066388,0.6244111991296474
2020-01-28,-0.0032002318134042,0.710844157488063
2020-01-29,0.16347866277594517,0.6296148687353723
2020-01-30,0.11398695813365552,0.6706678174271762
2020-01-31,0.21591948155199597,0.6592398369048524
2020-02-03,0.09481829877344522,0.6173449382521178
2020-02-04,0.011239106516361041,0.6898925613145078
2020-02-05,0.024875540326182694,0.6369395608754291
2020-02-06,-0.09185280112468241,0.6451715035701241
2020-02-07,0.09029580627871132,0.6220098940916149
2020-02-10,0.12563280792086642,0.595610008334422
2020-02-11,-0.029231783072851913,0.6852367676836839
2020-02-12,-0.03511394410283257,0.6786209451263259
2020-02-13,0.004206863358972709,0.6568344898670799
2020-02-14,-0.00563377631656072,0.7206001096859713
2020-02-17,0.024811528104031297,0.6131124398408321
2020-02-18,0.041482648648309625,0.6383180654469087
2020-02-19,0.08246792499075702,0.6056765797698231
2020-02-20,-0.17478146028732827,0.6350017207190232
2020-02-21,-0.1161216208967808,0.5663024675328117
2020-02-24,-0.0331457256456353,0.6341933263220859
2020-02-25,0.004608190157612077,0.6374150346763178
2020-02-26,-0.013762666936189305,0.6054848700269695
2020-02-27,-0.1079667254826638,0.6709102008211612
2020-02-28,-0.06145098472887155,0.6410277777010188
2020-03-02,-0.05140249572855662,0.6474140287568237
2020-03-03,-0.009252158349333947,0.618823776521481
2020-03-04,-0.021630343762043876,0.6037681909594123
2020-03-05,0.026447512117486364,0.6307187297005977
2020-03-06,-0.1324102520397275,0.6033840721104112
2020-03-09,-0.042023712739855425,0.6432523926072867
2020-03-10,-0.21907328614698085,0.6413538537130776
2020-03-11,-0.10347252398619491,0.6447980647659968
2020-03-12,-0.1069763404089854,0.6412570956469575
2020-03-13,-0.17707989641501984,0.5848744287818161
2020-03-16,-0.11598699250821196,0.7408266226663744
2020-03-17,-0.3044583170823141,0.7097706130251358
2020-03-18,-0.22990935580916588,0.6506521215431237
2020-03-19,-0.40702806939922564,0.6291497046903727
2020-03-20,-0.37670457778624344,0.6450389560059069
2020-03-23,-0.41604743556093954,0.646502864265924
2020-03-24,-0.36401188234733034,0.6009341061643937
2020-03-26,-0.226680127512025,0.6399301017729684
2020-03-27,-0.2880078940343712,0.65984582578614
2020-03-30,-0.2717232977473979,0.6374481203387232
2020-03-31,-0.2358068487623808,0.662399740231538
2020-04-01,-0.3140252614886723,0.6792566599471258
2020-04-02,-0.34955648521677074,0.6572421304189221
2020-04-03,-0.18606244344536305,0.655826915323803
2020-04-06,-0.3037033668420322,0.6452796899991458
2020-04-07,-0.13974691819365528,0.6355494107120127
2020-04-08,-0.1660703651560692,0.6682169910284755
2020-04-09,-0.2498433463926342,0.6261184100041008
2020-04-13,-0.2509875936005782,0.6051663103688372
2020-04-14,-0.26730557371518915,0.6482345693104985
2020-04-15,-0.2161023215686815,0.6288419758902616
2020-04-16,-0.11857099338190477,0.6656596302371331
2020-04-17,-0.2699982184737145,0.6109917067192957
2020-04-20,-0.2605159530421986,0.6246384870599577
2020-04-21,-0.28267485185745944,0.6409468881892935
2020-04-22,-0.17259287771645734,0.6089615774493861
2020-04-23,-0.21524251990349283,0.5954407471604809
2020-04-24,0.005020522118315258,0.6707667859357109
2020-04-27,-0.2507786215898922,0.5858920892572863
2020-04-28,-0.33594540607971835,0.6710222200407023
2020-04-29,-0.15647020521016367,0.6115311634627209
2020-04-30,-0.009528270105993086,0.6319686754305592
2020-05-04,-0.1110921699235863,0.6065083761759487
2020-05-05,-0.25445056311761194,0.6071470785934107
2020-05-06,-0.24044433883958818,0.6172672240665934
2020-05-08,-0.19636491715216267,0.6218687828358226
2020-05-11,-0.11964796767823584,0.6342122871366322
2020-05-12,-0.06933348512797204,0.6035494177205921
2020-05-13,-0.20542127076522057,0.6277263498295973
2020-05-14,-0.06806884364598197,0.6439290724792086
2020-05-15,-0.027103643147053682,0.5976308277088349
2020-05-18,-0.08928933101938366,0.6318479056602929
2020-05-19,-0.1767744199394024,0.6222948616574232
2020-05-20,-0.1670187885629186,0.6260714385298873
2020-05-26,-0.19210090828042833,0.6887980966927454
2020-05-27,-0.2492795834208578,0.6306315284731202
2020-05-28,-0.2328644021275636,0.6350241334761346
2020-05-29,-0.0697537426533312,0.5866596073286252
2020-06-02,-0.07589671346838503,0.6052612819631692
2020-06-03,-0.046679404321890786,0.7264838484213716
2020-06-04,-0.25569344224811696,0.6568271692897063
2020-06-05,-0.15549053045847652,0.5784900756135186
2020-06-08,-0.013557088226899843,0.5765037976320732
2020-06-09,-0.10739800406708952,0.6445885769834491
2020-06-10,-0.23690167748216454,0.6036136630449787
2020-06-11,-0.18332981008969187,0.6400135184723978
2020-06-12,-0.0652479916438455,0.6213556811827987
2020-06-15,-0.07726522303751492,0.6765192163101745
2020-06-16,0.004643470681843465,0.6369313246701661
2020-06-17,-0.12720157863268233,0.6330431938908793
2020-06-18,-0.08664916902103088,0.6704427901170145
2020-06-19,-0.09996226600060855,0.6436205446595998
2020-06-22,-0.08570514992731118,0.6740208287009766
2020-06-23,-0.1342300128878675,0.6471041956621876
2020-06-24,-0.10381858052968287,0.6634588131150556
2020-06-25,-0.15554422228101275,0.653706664621387
2020-06-26,-0.0814760745237611,0.6323747938348381
2020-06-29,-0.01964793897457065,0.6593602389698104
2020-06-30,-0.0976785361578709,0.6025380874655303
2020-07-01,-0.19482565875991262,0.6819542560201584
2020-07-02,-0.04640067703504282,0.6444906185035476
2020-07-03,-0.14525745641292317,0.6158679017543808
2020-07-06,-0.13146698499982104,0.5834822684332946
2020-07-07,0.04153703036399338,0.6670715276140244
2020-07-08,7.179783619314717e-05,0.6512318632818382
2020-07-09,-0.13775203320546553,0.6525947661942573
2020-07-10,-0.03735847160482662,0.6048313034685827
2020-07-13,-0.02026933732474696,0.6399226679563152
2020-07-14,-0.06141567293072237,0.6860792201595799
2020-07-15,-0.0612513235219365,0.6302480661466977
2020-07-16,0.07482584645046891,0.6449451135229514
2020-07-17,-0.016152354793476167,0.640815449402699
2020-07-20,-0.04186804358948994,0.5939605115792166
2020-07-21,-0.14834709761179912,0.6235221491096631
2020-07-22,0.0026903407603304096,0.5771155037321027
2020-07-23,0.03385011055993003,0.6034571108457185
2020-07-24,0.002303139953260312,0.6301485979000381
2020-07-27,0.04874008133135707,0.5932376192469657
2020-07-28,0.13847706162793383,0.6394362951966923
2020-07-29,0.024023455069025302,0.6266632554736599
2020-07-30,0.02706275774302177,0.6234726221850981
2020-08-03,-0.02177748625197858,0.6665957412588641
2020-08-04,-0.05129708123878987,0.6499918018215621
2020-08-05,0.07357666915873029,0.6440066640476516
2020-08-06,-0.04968910379752239,0.5728686582808775
2020-08-07,0.03986483336792495,0.6271582207816665
2020-08-10,0.02970940026037375,0.6158444887076718
2020-08-11,0.05099152123087623,0.6291196773674553
2020-08-12,-0.08508730022761866,0.689191185791828
2020-08-13,-0.022019439710843327,0.5853064189146494
2020-08-14,0.06575130143064628,0.6295303792351998
2020-08-18,-0.04799790696489193,0.6192336655754739
2020-08-19,-0.03900174797063021,0.6116418300308635
2020-08-24,0.12965301656495226,0.6592057554409123
2020-08-25,0.12858617465299768,0.5955923255016629
2020-08-26,0.07674829843898684,0.5988323828026061
2020-08-27,0.05054467749299647,0.604477323163183
2020-08-28,-0.00013717800509849658,0.571439502558132
2020-08-31,-0.07933144301258871,0.5462143037472292
2020-09-01,0.12752968484278765,0.5769418440007776
2020-09-02,-0.007886344501000751,0.5931100259900536
2020-09-03,0.05235350196903955,0.6250284392412611
2020-09-04,-0.10804100264652186,0.6258284405262688
2020-09-07,0.09184849719563683,0.6559420896079285
2020-09-08,0.07066904786064893,0.6054488872685515
2020-09-09,0.01014702112529824,0.6039552312158463
2020-09-10,-0.0033539837633749544,0.6320377457025116
2020-09-11,-0.16696561003805535,0.65937940621253
2020-09-14,-0.10342591165074705,0.627791673899861
2020-09-15,-0.1262298920578197,0.6071184298720482
2020-09-16,-0.01124621994493542,0.616803923188243
2020-09-17,-0.08570975143490515,0.5894992956994854
2020-09-18,0.2173815428286688,0.6484662015878679
2020-09-21,-0.04449541047112788,0.6881297318293669
2020-09-22,0.0038266080696355174,0.6592245814567699
2020-09-23,-0.09264846363797663,0.6616624594725581
2020-09-24,-0.048048216909103214,0.6862866357598386
2020-09-25,-0.029509047845488467,0.612378399794374
2020-09-28,-0.11809825252558262,0.7230842700519352
2020-09-29,-0.18145416923165913,0.6427607288276168
2020-09-30,-0.05565602929477717,0.60071961841963
2020-10-01,0.01621209482638685,0.6016064540872285
2020-10-02,-0.12021246111598276,0.6383461796503579
2020-10-05,-0.07942944768762919,0.6446385366177209
2020-10-06,0.08816656577129742,0.6174833891863883
2020-10-07,-0.043349031758303944,0.6606299934306037
2020-10-08,-0.022073695142562057,0.6480218178347099
2020-10-09,-0.002654775397658927,0.635506149174653
2020-10-12,-0.16506736053468818,0.6866712825383869
2020-10-13,-0.03785800558170665,0.6521338743387262
2020-10-14,0.035874199660627985,0.6715816833298798
2020-10-15,-0.13164573478952235,0.5789591599683908
2020-10-16,-0.03941790931938645,0.6479363198424808
2020-10-19,-0.05182059332577689,0.595600430811669
2020-10-20,-0.026673587277955522,0.6179406255771139
2020-10-21,-0.0013674239246618909,0.5816222153042483
2020-10-22,-0.06573668918589162,0.6421531480341995
2020-10-23,0.1015865370784697,0.6329038511506007
2020-10-26,0.005490677023107977,0.6594855494197314
2020-10-27,-0.09340686932617213,0.6117780483207043
2020-11-02,0.004809684996883639,0.6096783462335484
2020-11-03,-0.09861432816836627,0.6339139965381849
2020-11-04,-0.15467239468926142,0.6172962686815467
2020-11-05,-0.00028697705347109973,0.6171547991482561
2020-11-06,-0.01388862106476178,0.637142195529143
2020-11-09,0.09214425281632789,0.6632518697297991
2020-11-10,-0.04825686891607566,0.6376549821648547
2020-11-11,0.06453284352228338,0.6418057232161246
2020-11-12,0.09383038824847227,0.6743826153043468
2020-11-13,0.17897209974293884,0.6337865503714303
2020-11-16,0.04322137615289729,0.6687704700166105
2020-11-17,0.10174593992978098,0.6342996337692919
2020-11-18,-0.14928050103429744,0.6217398840052156
2020-11-19,-0.010930265233168547,0.6209127844006932
2020-11-20,0.07966775594630733,0.611648303639191
2020-11-23,0.03300894099320751,0.6814511351148566
2020-11-24,-0.07387232803890868,0.6139667250928776
2020-11-25,0.015432392234208857,0.6278708738086098
2020-11-26,-0.09823738903961135,0.6470551964252627
2020-11-27,-0.07575156353232193,0.6701104965976188
2020-11-30,0.06825213880733443,0.5950152391238442
2020-12-01,0.042978286710170274,0.6593729144245345
2020-12-02,-0.014611391046909297,0.6691583033764001
2020-12-03,-0.03625822504315798,0.6574092412889027
2020-12-04,0.13399573802966602,0.6408474879844532
2020-12-07,0.09110209142457144,0.6207165902747058
2020-12-08,0.11081915326996668,0.5352138191365132
2020-12-10,0.07453807875953199,0.5873345871245872
2020-12-11,0.026156958957992468,0.6407247672778126
2020-12-14,-0.03988924620024334,0.6440761376689199
2020-12-15,0.20055191902099426,0.646583034534635
2020-12-16,0.2798630270690597,0.6513527985598144
2020-12-17,0.2671167967954482,0.6430925840253764
2020-12-18,0.11918269621148837,0.6786265825365545
2020-12-21,0.08516967339972838,0.682381509907304
2020-12-22,0.12816109871161985,0.6589158236088765
2020-12-23,0.04012032118555245,0.6256447223222469
2020-12-28,0.13114534911262135,0.6244534672448334
2020-12-29,-0.012494233379370868,0.6546981577025035
2020-12-30,0.0278463609406123,0.6255068812269459
2021-01-04,0.15127041464580113,0.6298645270295411
2021-01-05,0.2290284928986409,0.7019826906600803
2021-01-06,0.0003557120803700807,0.6359402826866218
2021-01-07,0.06501746977002709,0.6257576622804562
2021-01-08,0.020324129400514847,0.6130449032639517
2021-01-11,0.40458499672588133,0.6454703448282896
2021-01-12,0.10914830048840303,0.6473816947190786
2021-01-13,0.2165164682111447,0.6698802339729822
2021-01-14,0.1145655867339081,0.6606612647587922
2021-01-15,0.006968520242152282,0.6423299470680904
2021-01-18,0.23100056226057764,0.6363943299662342
2021-01-19,0.049101568162264554,0.69920390483733
2021-01-20,0.12128735730079912,0.6751614331202854
2021-01-21,0.0788398700767572,0.671008453022639
2021-01-22,0.030707989709707763,0.6596121765100948
2021-01-25,0.2664548366525383,0.6742300900226552
2021-01-26,-0.02566530840420705,0.6469316802951908
2021-01-27,0.1948276091322125,0.6444855435178548
2021-01-28,0.1909291815763844,0.6187894640149981
2021-01-29,-0.09642387205841382,0.6461877965451348
2021-02-01,0.24964625693460502,0.6757481866670079
2021-02-02,-0.09492840325193022,0.7425699456920364
2021-02-03,0.22122627223605443,0.6824426047676778
2021-02-04,0.17768789513483804,0.6768498491072681
2021-02-05,-0.006875023256254282,0.6702373715882182
2021-02-08,0.1724628712902663,0.7549227103976545
2021-02-09,0.0662960048853587,0.6606044881964788
2021-02-10,0.2878863812857503,0.6616918231885945
2021-02-11,0.06244561373784975,0.6677514400098521
2021-02-15,0.09935360801146777,0.6193945712309807
2021-02-16,0.19429571883940158,0.6229679962042278
2021-02-17,0.13773459163415544,0.6169374780254916
2021-02-18,0.046227551680094174,0.659257546201671
2021-02-19,0.12875811356542016,0.6401165992329754
2021-02-22,0.13567428622483152,0.6278461130936479
2021-02-23,0.1896040944998452,0.625388878226081
2021-02-24,-0.030282827340273134,0.5980512747258373
2021-02-25,0.20816711381043612,0.670273357465122
2021-02-26,-0.1287518636982366,0.5958849235551434
2021-03-01,0.08281464575206651,0.6289717091387466
2021-03-02,0.11504548090872681,0.6231996204103962
2021-03-03,0.02376864169911714,0.6413106715779584
2021-03-04,0.05789034423498012,0.6334201639453925
2021-03-05,-0.052033240898200765,0.6722395978743334
2021-03-08,-0.05299471153569373,0.6417913334433529
2021-03-09,-0.056001706198102866,0.7145000923103669
2021-03-10,0.01455512453928754,0.633085153453197
2021-03-12,0.24739781309724881,0.6511572167272139
2021-03-15,0.06156339561489977,0.6823771792548203
2021-03-16,-0.03091420936450043,0.6556735433161458
2021-03-17,0.09798123455995916,0.6662246248480463
2021-03-18,-0.03862630216861302,0.649647405092265
2021-03-19,0.03339857674472103,0.652256307138805
2021-03-22,0.13067772362029006,0.6817264911969197
2021-03-23,-0.019792141327974865,0.6440436174211046
2021-03-24,-0.06866495728622453,0.6213528219703262
2021-03-25,-0.06960918919681268,0.6510354675707555
2021-03-26,0.022331929607116063,0.6542811805022202
2021-03-29,0.06971142290010933,0.6683942227214115
2021-03-30,-0.03576977866142686,0.6535953905174331
2021-03-31,-0.07970058468046579,0.5922719847573423
2021-04-01,-0.11176752579298785,0.6546659880907749
2021-04-05,-0.053200186688739756,0.5785896329527146
2021-04-06,-0.02304082453277272,0.6206428687248433
2021-04-07,0.041252932043182644,0.5574297860278263
2021-04-08,0.008019464997345103,0.6310273345710524
2021-04-09,-0.0025275073288386018,0.6101890461155122
2021-04-12,-0.10025056383113501,0.619855265743085
2021-04-13,-0.02664742192240599,0.5926775490316368
2021-04-14,0.12194206336087439,0.6341764693963832
2021-04-15,0.020592472776953447,0.6467057742017946
2021-04-16,0.005688134061972128,0.6049658553779053
2021-04-19,0.15507136804101104,0.6374149829609088
2021-04-20,-0.008861376881932552,0.6267120762140421
2021-04-21,0.0007592007029334414,0.5875449967277871
2021-04-22,-0.057311193354589396,0.6382681414241709
2021-04-23,0.18492209133758872,0.6790511513913656
2021-04-26,0.0075015599807862765,0.6380170957203657
2021-04-27,0.13163837132414363,0.6501366095351172
2021-04-28,-0.025785623872925253,0.6282153569818023
2021-04-29,0.013147495375095608,0.6803397814340096
2021-04-30,-0.07023296390651357,0.6423409121845325
2021-05-03,0.08976089429866911,0.6938885303236475
2021-05-04,0.1349541340579043,0.6485934119616744
2021-05-05,0.04498345809904011,0.64935152467959
2021-05-06,0.09469912577884053,0.5925995355723663
2021-05-07,-0.05123905530452981,0.5773399923352257
2021-05-10,0.05936906161024422,0.6388311729419606
2021-05-11,0.10704007607886906,0.5970159420624906
2021-05-17,0.0340593193870321,0.6209175921150138
2021-05-18,-0.034357548155829455,0.6340948623321175
2021-05-19,-0.06780133328323637,0.6481778620031058
2021-05-20,0.001964056504442076,0.6273469919251703
2021-05-21,-0.0064662623175004786,0.6243879852876397
2021-05-24,0.010194598615059038,0.6551233799076106
2021-05-25,-0.03846228427062887,0.6081982208336841
2021-05-27,0.001200039063817512,0.6115807507958609
2021-05-28,0.10848177663996021,0.5929731073445045
2021-05-31,0.034915682521732806,0.6113354947053311
2021-06-02,0.056650088338846695,0.6946244493371405
2021-06-03,-0.12426731006495527,0.611651497701564
2021-06-04,-0.030323586235310434,0.6492710962036619
2021-06-07,-0.0045631877506329055,0.6155101314687994
2021-06-08,0.003344664642348122,0.6783300598383283
2021-06-09,0.05895654864576298,0.645084209697438
2021-06-10,0.1179982783343723,0.6869429142424708
2021-06-11,0.13967391857919093,0.591446501006743
2021-06-14,-0.02402243664493072,0.6368384883479186
2021-06-15,0.025332188220036415,0.6359519742410213
2021-06-16,0.18247549266624444,0.6238816204889214
2021-06-17,0.08852664507337661,0.5898649280013398
2021-06-18,-0.11016951343897921,0.6726549761102564
2021-06-21,-0.12280669917011515,0.6034444182120257
2021-06-22,-0.10548664469427378,0.6360341006049779
2021-06-23,0.019750175509590427,0.6052735334308675
2021-06-24,-0.021398432967843346,0.6202061252976079
2021-06-25,0.04846228739442124,0.6337667299258924
2021-06-28,-0.19615335484154864,0.6340384290674578
2021-06-29,-0.04692179094857121,0.5845628107179521
2021-06-30,-0.0264617923284678,0.6158012447295773
2021-07-01,0.0242479323508636,0.6365054561920438
2021-07-02,-0.1063812390461788,0.6289878589920185
2021-07-05,-0.08058626345881657,0.5782361737197903
2021-07-06,0.14202691486585367,0.6208858448441492
2021-07-07,-0.11793573796551836,0.634756531135882
2021-07-08,-0.09175684884084796,0.623829533402428
2021-07-09,0.05057795400718919,0.609128812374764
2021-07-12,0.055273785038462454,0.5795237315919747
2021-07-13,-0.012587036001145831,0.697209490060801
2021-07-14,-0.08796221173936444,0.6054879884237697
2021-07-15,-0.030994707320789672,0.6743927795013546
2021-07-16,-0.12037485397588533,0.6543145951978651
2021-07-19,-0.10133030271054058,0.6377001312047113
2021-07-21,-0.08633962731981856,0.6505527012459037
2021-07-22,0.028965580925936575,0.6501979152840783
2021-07-23,-0.027744550125252277,0.6374096362449729
2021-07-26,-0.017104352521922862,0.678552732452509
2021-07-27,-0.18711382169786295,0.6158289807156542
2021-07-28,-0.13698984800178107,0.6089457287296968
2021-07-29,-0.21792762515237699,0.6630547206501604
2021-07-30,0.005360967718125538,0.6013488196297616
2021-08-02,-0.13226393677782197,0.6537858153028402
2021-08-03,-0.07033922180256749,0.6529410211495691
2021-08-04,0.016348924260621504,0.6264355956395692
2021-08-05,-0.07324270356371615,0.6660511250991359
2021-08-06,-0.10043234946911501,0.6075969095982051
2021-08-09,-0.15171428226088643,0.6040654968646159
2021-08-10,-0.13655905471494678,0.6839379773938609
2021-08-12,-0.17065818145731412,0.6095820062922018
2021-08-13,-0.23141095099019127,0.6543418254736423
2021-08-16,-0.13694344374795117,0.6157788827749723
2021-08-18,-0.029429338142118445,0.5967113191249103
2021-08-19,-0.07236211695674816,0.6588966716218961
2021-08-20,0.005840342693201244,0.6621920085999832
2021-08-23,-0.06343634446919874,0.614484117222859
2021-08-24,-0.005277896013426683,0.587456303260504
2021-08-25,-0.0008630135487006181,0.5969436202432741
2021-08-26,0.007275299115157073,0.5999900681691699
2021-08-27,-0.11006292753852966,0.6708365975684556
2021-08-30,-0.1306028001635891,0.6965755873575571
2021-08-31,-0.1579347347690762,0.6588248700371697
2021-09-01,-0.011936823616834175,0.6391052511155667
2021-09-02,-0.05254398291387475,0.5914942310339163
2021-09-03,-0.07847020579964786,0.590676204173121
2021-09-06,-0.0818565565105116,0.6435506802583335
2021-09-07,-0.08274375334903959,0.6406041380738322
2021-09-08,-0.058742375930254526,0.6553881795437178
2021-09-09,-0.11648578825745383,0.6473681882433577
2021-09-10,-0.057330286608869775,0.6555358606003502
2021-09-13,-0.01896334229391782,0.6775210102846161
2021-09-14,-0.06662517443128527,0.6774591639053041
2021-09-15,0.07091749973499847,0.6779702432504829
2021-09-16,-0.06477926492359697,0.6834966220620375
2021-09-17,0.06142047454134265,0.6352807527030395
2021-09-20,-0.13515074542055525,0.7028109330988989
2021-09-21,-0.12243737161666574,0.669295641132904
2021-09-22,-0.05493888992487363,0.6538112657518219
2021-09-23,0.057343197150404535,0.6408218512726723
2021-09-24,-0.12398514565613045,0.6601293435685737
2021-09-27,-0.13373729197314765,0.6668820172525487
2021-09-28,-0.07905926145007343,0.6140183827371906
2021-09-29,-0.09668911544259534,0.5856871235880029
2021-09-30,-0.00013439330754920535,0.6106847135605061
2021-10-01,0.030674122915623398,0.5572009796786602
2021-10-04,0.1384354542861793,0.5916983160633943
2021-10-05,0.04655633297634347,0.5944795047941928
2021-10-06,0.043065439031570424,0.6532155886717831
2021-10-07,0.11140739020980725,0.6298399883715046
2021-10-08,-0.03193631883468025,0.6134159917698981
2021-10-11,0.051494073611205296,0.6538888403348292
2021-10-12,0.07252349075793582,0.6298961744484277
2021-10-13,0.08596911895323761,0.5900487893017113
2021-10-14,0.10383256338211332,0.6325540024042134
2021-10-15,0.14769706233813376,0.6550544686653852
2021-10-18,0.1831844170088043,0.6636926776597809
2021-10-19,-0.012314663008755925,0.6322100004098427
2021-10-21,0.011285736819710996,0.6590887206380053
2021-10-22,0.23727620374211067,0.6173625542829434
2021-10-25,0.06212142929157053,0.6909698967473993
2021-10-26,-0.02988765864147352,0.5924935860285423
2021-10-27,-0.09044009496483232,0.6522503751440513
2021-10-28,-0.027464540625308908,0.6521814534547706
2021-10-29,0.10992620744727842,0.7308757043387402
2021-11-01,0.07939662555999652,0.6567774074116605
2021-11-02,0.03262872209476668,0.6569698405552546
2021-11-03,-0.04550667512863075,0.6517287783093838
2021-11-04,0.016416573844633662,0.6980909635551587
2021-11-05,-0.07007598761435864,0.6320818182736238
2021-11-08,0.31196464619977127,0.5932544217912175
2021-11-09,-0.005832549179082411,0.6252507269615406
2021-11-10,-0.002446545941824956,0.6325698832099274
2021-11-11,0.05941508732298526,0.633141375623247
2021-11-12,0.018482736117686208,0.6391623913556104
2021-11-15,0.0490326879933878,0.6322305643640747
2021-11-16,0.05328071723960904,0.5958520996774991
2021-11-17,0.07940789929152245,0.5752076071615593
2021-11-18,0.014058066688078661,0.667566024513225
2021-11-19,0.07161563003627523,0.6661685683196709
2021-11-22,-0.08132475568831636,0.6281836201773847
2021-11-23,-0.05295153176197717,0.6580359820485978
2021-11-24,-0.015736607350195834,0.6057238309690487
2021-11-25,0.07074928678652462,0.610248628383106
2021-11-26,0.03436814979824565,0.6590958669901816
2021-11-29,-0.15436835438002094,0.6188123508835366
2021-11-30,-0.05388945069431522,0.6312351947438447
2021-12-01,-0.14549901866246753,0.6329220514650548
2021-12-02,0.041572671477187934,0.6535321454262214
2021-12-03,-0.024118393760402222,0.6493515045362556
2021-12-06,0.12474392270941723,0.6037425812889528
2021-12-07,0.14822751885921528,0.6101821133206438
2021-12-08,0.02437862456907504,0.629426241013245
2021-12-09,-0.03530968555212031,0.612007650006667
2021-12-10,0.024131476314952285,0.6117683511999135
2021-12-13,0.0012843190164386926,0.6746181378741848
2021-12-14,0.035444558356525616,0.6163143220261188
2021-12-15,-0.039240958223273704,0.6309363653115223
2021-12-16,-0.040444352189648376,0.6064749000330822
2021-12-17,-0.06505009259924474,0.6401720134340416
2021-12-20,-0.15020863583990726,0.6140622781271691
2021-12-21,-0.10495880166887743,0.6805823121979627
2021-12-22,-0.012120284042055911,0.6541906562091888
2021-12-23,-0.07471124957870452,0.6621479674144268
2021-12-24,0.04621150608421333,0.6599160769551292
2021-12-27,0.07368921554774548,0.6683475317851718
2021-12-28,0.042768751121381815,0.6248485159986632
2021-12-29,0.22440305020620233,0.5749165001112734
2021-12-30,-0.0487988967859229,0.6493480943928195
2022-01-03,-0.0658819517455348,0.6394835221091454
2022-01-04,-0.08289578682890728,0.6436575214959016
2022-01-05,0.05074142198042702,0.5697307729337612
2022-01-06,-0.09877711533637701,0.6276497741491929
2022-01-07,0.04256530518461829,0.6097816332210628
2022-01-10,-0.05172020765726649,0.5948378569502483
2022-01-11,0.014694102716172597,0.5998800837473304
2022-01-12,-0.03198253324789856,0.6993279078587871
2022-01-13,0.03861125139095913,0.6280246256398954
2022-01-14,0.038774360187847356,0.7050705215827109
2022-01-17,-0.1083674186302005,0.6148391945346536
2022-01-18,0.0036035378990407914,0.6547042911214376
2022-01-19,0.197611535871879,0.629321279793018
2022-01-20,-0.05403566485862529,0.6164758394874675
2022-01-21,0.02383852291511727,0.6556570151038049
2022-01-24,0.15812275902511205,0.6437964107146519
2022-01-25,-0.13447167916936922,0.6004698739537402
2022-01-26,-0.043785314707659895,0.6693015560425224
2022-01-27,-0.12109077437723961,0.6202228419376276
2022-01-28,0.06155140409680986,0.6582188073759528
2022-01-31,-0.05536160504788592,0.5848114679232302
2022-02-02,0.092415360579236,0.628861017026746
2022-02-03,-0.0803830193219417,0.618175026174446
2022-02-04,-0.03204334831944271,0.7184299333999117
2022-02-07,0.14569007850952295,0.687372101460635
2022-02-08,-0.04962023439833287,0.6684799314688512
2022-02-09,0.060597358176125195,0.6456251379493122
2022-02-10,-0.04415731296666013,0.6491751116415673
2022-02-11,-0.049004371211982985,0.7187404526163383
2022-02-14,0.06665748930479563,0.6655176034338448
2022-02-15,0.002429425685220222,0.6287111162359188
2022-02-16,0.04496513778638267,0.6587637411976025
2022-02-17,-0.01174058741594155,0.6191660555235974
2022-02-18,0.06062618520065784,0.7121582066111128
2022-02-21,-0.018854586954909578,0.6367192507129238
2022-02-22,-0.04240801835362965,0.6772703746486751
2022-02-23,0.16922803474384301,0.6133692000943971
2022-02-24,-0.01753182570589584,0.6316416739147183
2022-02-25,0.024522504103985772,0.5973657738435229
2022-03-01,-0.051587980175922976,0.7215589388627457
2022-03-02,-0.0459044861128221,0.6239794316561211
2022-03-04,-0.02576633116246072,0.6093640216712153
2022-03-07,-0.05723148774343901,0.6822779999443698
2022-03-08,0.008088439574253111,0.5876522992253872
2022-03-09,0.04676376540221284,0.625943664419308
2022-03-10,0.07395095651729834,0.6165015989059369
2022-03-11,-0.016860078799556644,0.6084300741400386
2022-03-14,0.0641725173755877,0.5976561640496751
2022-03-15,-0.07839144628681464,0.578927589560594
2022-03-16,0.009030985609330872,0.6681868137571566
2022-03-17,0.07151253623134086,0.5794385925233555
2022-03-18,0.25715203905150874,0.5989154814807863
2022-03-21,-0.06127636821970269,0.5892349656490493
2022-03-22,0.04907442715434043,0.6016467139349654
2022-03-23,0.0037341321307324585,0.6027173076528832
2022-03-24,0.22481769378981345,0.6049858717896468
2022-03-25,-0.044208223692680085,0.6087845357933146
2022-03-28,0.17239183142849085,0.6312085594818757
2022-03-29,0.16983332529681203,0.6252670734804459
2022-03-30,0.2340070180698582,0.600757384245194
2022-03-31,0.03935392654906619,0.6808457166596517
2022-04-01,0.09029832527006013,0.6143287413487247
2022-04-04,-0.045767287076124055,0.6785384201247385
2022-04-05,0.113281075063557,0.6114391083497315
2022-04-06,0.1936190464386763,0.5950139872037247
2022-04-07,0.15646886340191035,0.5994381023987873
2022-04-08,0.033678592934162865,0.5827360989376373
2022-04-11,-0.0053186988172841876,0.6185601491180553
2022-04-12,0.10444570138938633,0.6045488050444485
2022-04-13,0.1295976355362395,0.6233447496736765
2022-04-14,0.03695515566145288,0.5850079096526674
2022-04-18,0.05515589092929282,0.5842105913636837
2022-04-19,0.03233904018202776,0.6272030912677338
2022-04-20,0.06390450522662768,0.5486371130671669
2022-04-21,0.06273998746149356,0.6505646458845991
2022-04-22,0.09853421756039389,0.6104415729323881
2022-04-25,0.11541020832352379,0.5901535364588802
2022-04-26,0.01669993752924487,0.6032672835269353
2022-04-27,0.0621197615838611,0.6263122613578933
2022-04-28,0.3398772478415817,0.6292325351163681
2022-05-09,0.07611283551215126,0.6192607846946113
2022-05-10,-0.0733706646069988,0.5828608157820426
2022-05-11,0.16275097581446568,0.5845752213446125
2022-05-12,0.02409884630796829,0.6135167204054737
2022-05-13,0.05946519379949587,0.6082149685304634
2022-05-17,-0.037388210684765714,0.5754673921463354
2022-05-18,0.34631579003778395,0.6293849896517755
2022-05-19,-0.01968250423294759,0.6785680303683214
2022-05-20,0.2555929329091385,0.6327069734966853
2022-05-23,0.014991738067157942,0.6467424741726695
2022-05-24,0.18888373910505543,0.6108805177105809
2022-05-25,0.11473892124685156,0.6056075891428574
2022-05-27,0.07864655345164034,0.6356251191123675
2022-05-30,0.1386408995466252,0.6370671247319858
2022-05-31,0.2073290217760901,0.706296911721286
2022-06-02,0.027936022223251176,0.6258794639817075
2022-06-03,0.21345238606751837,0.6850411524354059
2022-06-06,-0.002505178741252464,0.6580006846329087
2022-06-07,0.21831286036912842,0.692222114234236
2022-06-08,0.23468950276383477,0.6435825916866879
2022-06-09,0.15271432493904374,0.6466926827414589
2022-06-10,0.1263268580747365,0.6804027671948564
2022-06-13,0.17614562391967747,0.646562990156311
2022-06-14,0.0845734364808586,0.6020618216856072
2022-06-15,0.09653984295826776,0.6336081496996546
2022-06-16,0.053095852869066,0.639011768360068
2022-06-17,0.06448764423015554,0.5608525440761366
2022-06-20,0.0074363267366862485,0.6093345298439085
2022-06-21,0.30292042699381755,0.5724507617119928
2022-06-22,0.26237361934073355,0.6693137492203401
2022-06-23,0.30323890865866027,0.5696048076437096
2022-06-24,0.16316486832171337,0.5904683606520011
2022-06-27,0.04701128238774746,0.5995531191456197
2022-06-28,0.025841951443896234,0.6217125349680362
2022-06-29,0.14828946065778717,0.6251917269990487
2022-06-30,0.09696892286607459,0.6307265796947251
2022-07-01,0.07882882007140987,0.6384968426521255
2022-07-04,-0.04417606628697227,0.6925226251003825
2022-07-05,-0.012460620103569402,0.6109329649700777
2022-07-06,0.131191357986317,0.6325235072752813
2022-07-07,0.10803263553137778,0.6138100936911072
2022-07-08,0.07979904970606634,0.6339449025866344
2022-07-11,-0.007070242229403618,0.6230767252482915
2022-07-12,-0.09624988036811642,0.6680188593710963
2022-07-13,-0.06781655370817857,0.6151961470072803
2022-07-14,0.017276807216363998,0.5994059634060204
2022-07-15,0.008344707477833472,0.6269177225924504
2022-07-18,0.240849140892726,0.6506768872221088
2022-07-19,0.15219864999711896,0.5376702709275611
2022-07-20,0.05840989355760116,0.6000689285790556
2022-07-21,-0.06988993400105223,0.6204267152165149
2022-07-22,0.023514326122051368,0.6579633275165937
2022-07-25,0.1576787941728578,0.6232613325352411
2022-07-26,-0.06004259288174863,0.6585114675491786
2022-07-27,0.1012077730667283,0.6180110805743217
2022-07-28,-0.05916802107512441,0.6334223157576266
2022-07-29,0.009799868435985735,0.6372579924268424
2022-08-01,0.11684766155169456,0.6348272136729929
2022-08-02,0.15162905271481494,0.6845006183082646
2022-08-03,-0.0414390296142313,0.5896980122419191
2022-08-04,0.14690915647177338,0.6512911547278655
2022-08-05,0.1642805232662007,0.6664201200790457
2022-08-08,0.14208339355768235,0.6366152197964928
2022-08-09,-0.004703951498166032,0.621484029917127
2022-08-10,0.24011145690574115,0.6336099764982845
2022-08-11,0.14163388656319206,0.6522438024390871
2022-08-12,0.0344959737833699,0.6076670572002633
2022-08-15,0.19522734797884506,0.6190277126713216
2022-08-16,0.19472724547686313,0.6304668916742955
2022-08-18,0.17736754537789282,0.6426741310609395
2022-08-19,0.0287070407170552,0.6179718663680401
2022-08-22,0.20328523254228661,0.6406193324974325
2022-08-23,0.16802008034097823,0.6694655801084882
2022-08-24,0.2872324098994755,0.6492394582404291
2022-08-25,0.3035878624577801,0.6431760594617463
2022-08-26,0.3786700110834441,0.6583695338281905
2022-08-29,0.3963370040847786,0.5920912316525614
2022-08-30,0.11304380816876959,0.6712150323790446
2022-08-31,0.010199558963573547,0.651379770109617
2022-09-01,0.12480429350910273,0.6489312565341439
2022-09-02,0.26859328155285517,0.7130559100303057
2022-09-05,0.12099181404342947,0.6413793100433599
2022-09-06,0.1696849511955435,0.7004657669344809
2022-09-07,0.04798902947274566,0.6891780876971108
2022-09-08,0.02658894186198528,0.6475110336635209
2022-09-09,0.3084243112381597,0.6636847543880212
2022-09-12,0.12836374686609384,0.6625578752724853
2022-09-13,0.03802275198616574,0.6581068444537517
2022-09-14,0.1417842006408873,0.6757247810188137
2022-09-15,0.15125924107284378,0.6981678019669939
2022-09-16,0.1812297990193976,0.6355013347491199
2022-09-19,0.05214191294424353,0.6382030170461119
2022-09-20,0.21544223215983754,0.666504894789671
2022-09-21,0.5071675135426896,0.6932594440545375
2022-09-22,0.15501591049926136,0.5921084627566213
2022-09-23,0.06790646317111654,0.6019580949032017
2022-09-26,0.14574176643810313,0.6737563760560427
2022-09-27,0.08807679728905783,0.6139443535941789
2022-09-28,0.16452054546480885,0.6445280984499152
2022-09-29,0.09986937933683375,0.6240637948037595
2022-09-30,0.025028684240855338,0.6004549422815402
2022-10-03,0.2118330789618394,0.6267457878926607
2022-10-04,0.1352904935449033,0.6279967922857504
2022-10-05,0.523430359206607,0.6335505705234851
2022-10-06,0.2606912425459775,0.7127920599014349
2022-10-07,0.07210172852532043,0.6567890661222705
2022-10-10,0.17615302470307845,0.7026819167065494
2022-10-11,0.08575042448555215,0.6949197420892671
2022-10-12,0.30152780383264793,0.5880467038096346
2022-10-13,0.14145063194708996,0.6618378707393674
2022-10-14,0.07463371255306063,0.6353348021362867
2022-10-17,0.13107914796880385,0.6434520788597458
2022-10-18,0.1120692174223529,0.6604008668134849
2022-10-19,0.3101354462321029,0.6442284584447322
2022-10-20,0.20435914434236777,0.6378038130219171
2022-10-21,0.20369585663954967,0.6107988250936234
2022-10-24,0.09716419433945785,0.6402860620474007
2022-10-25,0.1571656487386106,0.6943096560358103
2022-10-26,0.33166935778114315,0.6510772786265261
2022-10-27,0.2437855453844852,0.6684224462907947
2022-10-28,0.20075551793176363,0.6230749462801735
2022-10-31,0.23460107654264947,0.7161340338019107
2022-11-01,0.29987884381922103,0.5960994298430992
2022-11-02,0.20430945468824202,0.57782792100697
2022-11-03,0.09604631427963763,0.6606101380591888
2022-11-04,0.3812090628609664,0.6338973177385948
2022-11-07,0.21253041192286012,0.5580856188611664
2022-11-08,0.6875029780889556,0.6461648884245165
2022-11-09,0.17419088729838086,0.6542396673667116
2022-11-10,0.07743852085203097,0.662411379427831
2022-11-11,0.28305217355278256,0.6878721197013931
2022-11-14,0.16969729975538272,0.7169229766401514
2022-11-15,0.22647552643719437,0.7309197959898662
2022-11-16,0.3804187717640913,0.673889462394803
2022-11-17,0.24549599573800282,0.7158995921060008
2022-11-18,0.18363543829532572,0.6846861471519865
2022-11-21,0.20368403346907452,0.6736507899911041
2022-11-22,0.26266438341509046,0.64966200502409
2022-11-23,0.21578674880565105,0.6415446933235341
2022-11-24,0.2501768324171514,0.6834661859504636
2022-11-25,0.3793573738073061,0.6530500928255268
2022-11-28,0.13824876830293378,0.6842931521648636
2022-11-29,0.16648845674992824,0.6281967048684693
2022-11-30,0.3655600346819582,0.6782979263375787
2022-12-01,0.5725073569274131,0.6634360278312373
2022-12-02,0.0800509321181154,0.6483622828674461
2022-12-05,0.3867801517910308,0.6332025850481151
2022-12-06,0.23162469140128544,0.6454892885387761
2022-12-07,0.18982734081204497,0.6659933466351987
2022-12-08,-0.025419318705349896,0.6267951465994095
2022-12-09,0.10990455407644018,0.6423355960616671
2022-12-12,0.24834987899498595,0.6347425370032898
2022-12-13,0.28512230412017653,0.6726953599015973
2022-12-14,0.3558329052753272,0.6545927931010624
2022-12-15,0.22460396323789916,0.6857713036114107
2022-12-16,0.1843589316148693,0.6895408229436245
2022-12-19,0.07823505631830695,0.6242089352734485
2022-12-20,0.18476766234126624,0.626648647769082
2022-12-21,0.17736291347860814,0.6083564030630648
2022-12-22,0.16694505779076352,0.6021212160424978
2022-12-23,0.17146144069503808,0.6109251192325086
2022-12-26,0.2107340015099204,0.6461114767434608
2022-12-27,0.2697405309486016,0.6472456468589786
2022-12-28,0.48771356945489136,0.6499861257412127
2022-12-29,0.16544186938408012,0.6267907585076564
2022-12-30,0.10187280095891642,0.7078530860295031
2023-01-02,0.21135948706697374,0.690048909102847
2023-01-03,0.28253522445069185,0.6484607173734005
2023-01-04,0.17636918946189722,0.6555768557582129
2023-01-05,0.1735298603397449,0.6767402326010409
2023-01-06,0.1253632466905017,0.6234857939557775
2023-01-09,0.3285648780072659,0.5464839690711955
2023-01-10,0.0667780753930355,0.6868501320919891
2023-01-11,0.27428065324157563,0.65235771421446
2023-01-12,0.40424270319906747,0.6335440656719147
2023-01-13,0.27884989250771886,0.6558753267582504
2023-01-16,0.09248695899710865,0.6553010379635481
2023-01-17,0.27202396565026843,0.6746871079780434
2023-01-18,0.18256218516768274,0.6712638374792211
2023-01-19,0.12782573663337082,0.5950553071634488
2023-01-20,0.28015023584161297,0.6148571513617601
2023-01-24,0.0971902205248679,0.6727841092849979
2023-01-25,0.4894687855022533,0.6475064582961501
2023-01-26,0.07626779033588854,0.6491952349717554
2023-01-27,0.20551598981165095,0.6090378824484615
2023-01-30,0.47239982579434325,0.6400492001432196
2023-01-31,0.17933277296376407,0.6437500734569694
2023-02-01,0.15702116363679797,0.5834743865613949
2023-02-02,0.21431910760953315,0.5830159330689608
2023-02-03,0.3962228072851063,0.6303288013425277
2023-02-06,0.0862491623730598,0.670210793794
2023-02-07,0.4995424718713755,0.6037134727964164
2023-02-08,0.5679049739294323,0.6963559520939158
2023-02-09,0.09528735054937977,0.63214836206434
2023-02-10,0.3784819600722655,0.6503278613321651
2023-02-13,0.3216537101545511,0.6737083023097247
2023-02-14,0.3101691787484394,0.6030827272894685
2023-02-15,0.21738488199680062,0.5567856430263292
2023-02-16,0.3602676114984441,0.6609318040242895
2023-02-17,0.1422289336166104,0.703422759340741
2023-02-20,0.19897046861881276,0.6581835020598736
2023-02-21,0.14444687521137267,0.6709997473861691
2023-02-22,0.1385617704648946,0.653001594443751
2023-02-23,0.05124004502768593,0.6486911094024066
2023-02-24,0.28851975967584803,0.6426173974057038
2023-02-27,0.30879063771701043,0.6925260322280336
2023-02-28,0.32032996194591956,0.6519469348961008
2023-03-01,0.12337520273161115,0.6230350882074247
2023-03-02,0.10122218701036627,0.5973663505260598
2023-03-03,0.21593099173072106,0.5902478293833983
2023-03-06,-0.01104886261556181,0.6418797369039715
2023-03-07,0.15542443117561283,0.6346358684709505
2023-03-08,0.13588047586816224,0.7188542424257296
2023-03-09,0.23743655546404077,0.6270010479410559
2023-03-10,0.05517181114302681,0.6448424951665538
2023-03-13,0.23166868141854388,0.6299956726485971
2023-03-14,0.04558942476111187,0.6857902659306591
2023-03-15,0.10029554114398874,0.6879465470546701
2023-03-16,0.1990478609051113,0.64794154114047
2023-03-17,0.10878989949952607,0.6256718732683251
2023-03-20,0.1756374716449191,0.6161281248840094
2023-03-21,0.03222480434344291,0.6544698562133049
2023-03-24,0.09185997688264305,0.6436452531272379
2023-03-27,0.049203178258812534,0.6862146729612777
2023-03-28,0.2096362068513183,0.6222719044946889
2023-03-29,0.39297156320434207,0.6455043382346697
2023-03-30,0.23407845839525612,0.6580977026267405
2023-03-31,0.1300865690471394,0.6573947871180734
2023-04-03,0.04619635407358071,0.6506151505347951
2023-04-04,0.36860116175519264,0.6548233001418461
2023-04-05,0.09723168988061302,0.6146470987796464
2023-04-06,0.4110325442270203,0.7020636319655076
2023-04-10,0.19192633243553936,0.622173590692291
2023-04-11,0.05232937426243954,0.6440784131113723
2023-04-12,0.21814096838565464,0.6078816025341722
2023-04-13,0.05962379994410255,0.656973566057577
2023-04-14,0.29861194368768135,0.6400308538883442
2023-04-17,0.22433936108054017,0.6765380807427235
2023-04-18,0.5381220522717105,0.6389532390753767
2023-04-26,0.003062732680685388,0.660698282058016
2023-04-27,0.20313249779733134,0.6767217604231246
2023-04-28,0.19265076381439442,0.6834826900001154
2023-05-02,0.4600071696988665,0.6905904156255664
2023-05-03,0.20369003986909165,0.6856033296659326
2023-05-04,0.33202493875364647,0.6724425781660524
2023-05-05,0.18015852799017062,0.6685312279059197
2023-05-08,0.2437176947822997,0.6802073271722873
2023-05-09,0.13077638077340456,0.6856071987930817
2023-05-10,0.15597834597217108,0.6497526267245235
2023-05-11,0.2872933487886857,0.7275836175370501
2023-05-12,0.016139390512812202,0.6891255234307166
2023-05-15,0.15762362159310125,0.6710546808394903
2023-05-16,0.509205619527837,0.6574267416325765
2023-05-17,0.22934153802986867,0.7074867903614696
2023-05-19,0.35478805355543824,0.7128448547815073
2023-05-22,0.1475401641109479,0.7431721824726303
2023-05-23,0.2254637935450593,0.6983778599024802
2023-05-24,0.37825165356057844,0.6711331304943046
2023-05-25,0.23984747601275302,0.7244641943657276
2023-05-26,0.22006723365108277,0.6773727975388935
2023-05-29,0.38062531081676815,0.7085448549402996
2023-05-30,0.1366214461354712,0.6932447459749288
2023-05-31,0.17886675319491233,0.7408392296625194
2023-06-05,0.16570398563192432,0.6670641753666147
2023-06-06,0.09205940785501553,0.608351898355128
2023-06-07,0.2820890128276027,0.6618921741399385
2023-06-08,0.23605772899299438,0.6389887499975583
2023-06-09,0.30501115870482837,0.6393196612763179
2023-06-12,0.2570863516793233,0.6486824710198209
2023-06-13,0.02062748783156237,0.6530496921973326
2023-06-14,0.020810044956681532,0.6581935351992703
2023-06-15,0.24162543622501853,0.6218544966279717
2023-06-16,0.29174247889410376,0.652520806455671
2023-06-19,0.458562332282856,0.6465926233073418
2023-06-20,0.24225371230459705,0.6675568786011293
2023-06-21,0.3599150681786353,0.665450420673222
2023-06-22,0.09182684427795544,0.6663135927673052
2023-06-23,0.2986690417944193,0.6754446806406855
2023-06-26,0.3054449413697072,0.6487565073446532
2023-06-27,0.09142939050359908,0.6803682646491848
2023-07-03,0.06710696977134042,0.668286765302734
2023-07-04,0.1858991492341828,0.623183014311535
2023-07-05,0.3353435498663907,0.6482982207175199
2023-07-06,0.43606937966727416,0.6970793364414385
2023-07-07,0.19090228924172253,0.7335072970965906
2023-07-10,0.253274152411766,0.6762329383762776
2023-07-11,0.1631527334935103,0.6781389179881969
2023-07-12,0.2833934822667819,0.6741296684619832
2023-07-13,0.22761095770297318,0.6463845759368513
2023-07-14,0.2025758972815748,0.637139875696244
2023-07-17,0.2035266129025539,0.6244214187265827
2023-07-18,0.1594643053409298,0.6680398704998414
2023-07-20,0.09948684844638865,0.6168321054721588
2023-07-21,0.29835907530950867,0.629966883077247
2023-07-24,0.24027895737951102,0.6192515278705233
2023-07-25,0.10374425206889393,0.5995933135773741
2023-07-26,0.2413079588662451,0.6520591380288456
2023-07-27,0.17531031589251067,0.653221262806212
2023-07-28,0.3193967773445376,0.6623825852356704
2023-07-31,0.2857661405857333,0.635559095425389
2023-08-01,0.21187951429861296,0.670054644433164
2023-08-02,0.2921187558742668,0.6672675858709621
2023-08-03,0.19807095416479567,0.701978450613683
2023-08-04,0.2579785718044728,0.6633388083511763
2023-08-07,0.309655344933938,0.6485262555090286
2023-08-08,0.33789966681098205,0.6447349403446436
2023-08-09,0.545312496727342,0.6882929957997479
2023-08-10,0.26703602277361244,0.6389391119605018
2023-08-11,0.18411177302143594,0.6810946570317478
2023-08-14,0.4585589224333943,0.6735309460248299
2023-08-15,0.4770776913078778,0.6931039475419021
2023-08-16,0.22376566691798827,0.6524426841171327
2023-08-18,0.6685706116621972,0.6560973595982785
2023-08-21,0.2728564408180683,0.6627842734524749
2023-08-22,0.31182231639649094,0.6373577447489602
2023-08-23,0.1978203337237511,0.6441959732180966
2023-08-24,0.35358799086284287,0.6942177743514023
2023-08-25,0.16178773740950883,0.6342216768609841
2023-08-28,0.22218247757808998,0.6332481539034426
2023-08-29,0.33253248715972245,0.6418141369588987
2023-08-30,0.4101404291906526,0.626719352133015
2023-08-31,0.45457042871874453,0.6575731271430589
2023-09-01,0.4072847849787895,0.6125307530081737
2023-09-04,0.4897380448282191,0.5867497404611841
2023-09-05,0.4055995906652113,0.587820790372179
2023-09-06,0.17544040703262828,0.6371868175768746
2023-09-07,0.4852094316928903,0.6308711005610164
2023-09-08,0.5684725660354756,0.6489739862558558
2023-09-11,0.4937381348665607,0.666772050261596
2023-09-12,0.20752654432610257,0.6881646727241569
2023-09-13,0.2887755628020235,0.6215128058986068
2023-09-14,0.21796355134507048,0.6047228702968901
2023-09-15,0.2721660393435543,0.6573253905622554
2023-09-18,0.20395463484111276,0.6485742124612224
2023-09-19,0.379004263837881,0.6744843326464989
2023-09-20,0.4992011624817927,0.6196158522535485
2023-09-21,0.3629476225540444,0.6431415338897357
2023-09-22,0.303779213430145,0.6084611898635707
2023-09-25,0.42983105202465627,0.6617450328113286
2023-09-26,0.3553906388202174,0.6339526439157294
2023-09-27,0.3414023759984896,0.6340359887775674
2023-09-29,0.22496617024521087,0.5986772618753895
2023-10-02,0.45060723720602364,0.639958675147378
2023-10-03,0.2909348200654453,0.637567355899649
2023-10-04,0.17797784797900784,0.5829557625009671
2023-10-05,0.23717343606357819,0.5949211957519759
2023-10-06,0.4402067395393957,0.5726229498587972
2023-10-09,0.4847212645304329,0.6696717371937568
2023-10-10,0.22611769156141617,0.6294414009745143
2023-10-11,0.190243889351372,0.6339875751438477
2023-10-12,0.3419983292592404,0.5963073611651329
2023-10-13,0.3099276559802508,0.6237422541285151
2023-10-16,0.4226161155949073,0.6250138055530705
2023-10-17,0.5433208564158171,0.6291093346457903
2023-10-18,0.21312364892940686,0.6390551664753799
2023-10-19,0.25786254923120544,0.6143975057091542
2023-10-20,0.423179898059656,0.5975410071143817
2023-10-23,0.2898013514497737,0.7054089107729152
2023-10-24,0.45548315816646145,0.6109025492214218
2023-10-25,0.27367886953182957,0.6617383239992114
2023-10-26,0.24110072222677553,0.6244820749358518
2023-10-27,0.24946607184865896,0.6214608104468103
2023-10-30,0.2917002147150167,0.6035863055605964
2023-10-31,0.24264721755351595,0.5587057847013656
2023-11-01,0.13120134783375115,0.6197632139317625
2023-11-02,0.12345381329341024,0.6983986105220363
2023-11-03,0.38428959379067124,0.6514364583222482
2023-11-06,0.27578203825129244,0.6426252597839306
2023-11-07,0.31009405235638776,0.6881750884623334
2023-11-08,0.31885930900107107,0.6841833629780301
2023-11-09,0.24696825801972902,0.6122452608996578
2023-11-10,0.14450148446646457,0.6447615155095116
2023-11-13,0.2649952587304152,0.6358779800054603
2023-11-14,0.3758700815139341,0.5844550669547112
2023-11-15,0.42587464090741267,0.6334715804546486
2023-11-16,0.052755291656895104,0.6801529952797873
2023-11-17,0.059953694152637946,0.5911562845730487
2023-11-20,0.3947321616964982,0.6795535200162923
2023-11-21,0.20881607673720043,0.6124442123149848
2023-11-22,0.33204305181348615,0.6257999340909288
2023-11-23,0.26369891994019856,0.6718360418614667
2023-11-24,0.29425361095521435,0.6466286594301947
2023-11-27,0.24237472375182254,0.625997168298307
2023-11-28,0.30947276548215263,0.654905944935717
2023-11-29,0.0893333785408852,0.6134643275603937
2023-11-30,0.3877092757013961,0.5874520915417685
2023-12-01,0.4761470537471435,0.632454978335777
2023-12-04,0.21763901923240753,0.588670070432568
2023-12-05,0.31170048848845033,0.586030185948219
2023-12-06,0.2837004049698939,0.574780940662541
2023-12-07,0.2247533510619146,0.5814976933797208
2023-12-08,0.24920062456646075,0.6419130060397459
2023-12-11,0.2206477267739977,0.6164156825889922
2023-12-12,0.20369028148843957,0.6405950711191848
2023-12-13,0.11382506529841561,0.6766011617337176
2023-12-14,0.33446870905557874,0.6284413465667346
2023-12-15,0.22408983830715495,0.630603097270442
2023-12-18,0.2995100009478756,0.5873157961822048
2023-12-19,0.19084264222173827,0.565271818882896
2023-12-20,0.552592953860595,0.59751242223341
2023-12-21,0.10916458919297842,0.6115862890363505
2023-12-22,0.21959657624899906,0.6479308045102212
2023-12-27,0.4696641480258316,0.6119599634800786
2023-12-28,0.3162775526265546,0.6478694594247081
2023-12-29,0.1673071380835571,0.577906340030072
2024-01-02,0.2669438920399376,0.6081872823787292
2024-01-03,0.19492078216671893,0.5960997224838677
2024-01-04,0.5537999967287699,0.6218482125202212
2024-01-05,0.3476687289582651,0.7004466099628178
2024-01-08,0.15475841080256542,0.5365463765500776
2024-01-09,0.42711697823768924,0.5859902460171197
2024-01-10,0.13134523728416003,0.570533025416586
2024-01-11,0.4735416637554739,0.6048135619171991
2024-01-12,0.11327067713339406,0.6144666915519594
2024-01-15,0.13981167456737756,0.5847871893128095
2024-01-16,0.429374096503271,0.6017308342141261
2024-01-17,0.3524937358530338,0.6334334071471807
2024-01-18,0.3244677963122162,0.6176100079736214
2024-01-19,0.2478511576134309,0.6720802139695052
2024-01-22,0.36772729666593795,0.5945565381908305
2024-01-23,0.4932383094654108,0.6512362178256187
2024-01-24,0.2079063482047415,0.6155943884396721
2024-01-25,0.16704071096871922,0.5850988311443146
2024-01-26,0.2213525644871547,0.6316972616682703
2024-01-29,0.1207500973558223,0.6207606959154874
2024-01-30,0.37028614442616553,0.6520881783739635
2024-01-31,0.2563959087712753,0.6534854589480774
2024-02-01,0.1867697434788758,0.645322975385314
2024-02-02,0.33271090435133704,0.6640020420022233
2024-02-05,0.2893474509690741,0.661810856871689
2024-02-06,0.2134250248224113,0.605830552120289
2024-02-07,0.4485957188208653,0.6578485558184172
2024-02-12,0.48639081617418123,0.5969738428027467
2024-02-13,0.16845786498691617,0.5991443954595672
2024-02-15,0.4600952688877518,0.6309816972404324
2024-02-16,0.1982291291380523,0.6448317313643757
2024-02-19,0.3007647510435386,0.658050237897419
2024-02-20,0.21372784677840467,0.6699971892531844
2024-02-21,0.4733682217100591,0.674504368825462
2024-02-22,0.3529415622181688,0.6667468944295437
2024-02-23,0.44366821335252027,0.6621260083509226
2024-02-26,0.22732669470566633,0.6877204732738234
2024-02-27,0.3079617272969434,0.6858822759044085
2024-02-28,0.21631304762356557,0.649178724844326
2024-02-29,0.23093392359564896,0.6566725514451466
2024-03-01,0.4539164367090088,0.7004433226756018
2024-03-04,0.3463347447368499,0.6995969987956365
2024-03-05,0.20038643985108018,0.6468484509572368
2024-03-06,0.2515751194954757,0.6294829269024251
2024-03-07,0.42718963671189614,0.6637542394965719
2024-03-08,0.09209207242101809,0.608787392709117
2024-03-13,0.31979546524845975,0.651690247829883
2024-03-14,0.327944725714675,0.6623321951027324
2024-03-15,0.36130744816668053,0.7324070514416889
2024-03-18,0.32206027527768344,0.7053550744790372
2024-03-19,0.3092762836451096,0.5759579502842765
2024-03-20,0.3243491913165183,0.6469509524946916
2024-03-21,0.44055821394339856,0.6835434022044937
2024-03-22,0.3981677070478247,0.6617653786797582
2024-03-25,0.4240787254563533,0.6246541310615581
2024-03-26,0.7327264140015972,0.6591826011860217
2024-03-27,0.29762279803469144,0.64415723702216
2024-03-28,0.05036463711662156,0.6505463903604777
2024-04-01,0.44038882807494434,0.6319613868460322
2024-04-02,0.3560974282861504,0.6423527137105275
2024-04-03,0.3410140141606483,0.6418854375158394
2024-04-04,0.46684776799658384,0.6136888762975492
2024-04-05,0.2275630894693723,0.6220204789399449
2024-04-16,0.24764315851750432,0.6039101397566057
2024-04-17,0.506994574070826,0.649221672494872
2024-04-18,0.15866365912303373,0.695550238486258
2024-04-19,0.29823071242879057,0.6903196395977275
2024-04-22,0.13000833114071442,0.6024790901733914
2024-04-23,0.11496589387981478,0.6801809915273143
2024-04-24,0.11754465656723642,0.614409263077576
2024-04-25,0.22032196689618558,0.6492864732552077
2024-04-26,0.19338352626562333,0.6648880358673235
2024-04-29,0.39410476555005025,0.6838902595798163
2024-04-30,0.14232624223339724,0.6336946461247994
2024-05-02,0.08020892454931391,0.6512895248358315
2024-05-03,0.04338519385268098,0.6418311618574775
2024-05-06,0.28315847643081454,0.6530772429832472
2024-05-07,0.26751183653535276,0.6551661884414359
2024-05-08,0.2568030155494665,0.6403136907665529
2024-05-13,0.06640869060530875,0.603961240664933
2024-05-14,0.28789247705529075,0.6174045576937135
2024-05-15,0.23243136800659456,0.6023619972103716
2024-05-16,0.171391268999054,0.6095263040234709
2024-05-17,0.2631855786253779,0.6662802000611775
2024-05-20,0.19650432261116713,0.6128999044657134
2024-05-21,0.27709733059241126,0.6141326568454304
2024-05-22,0.3931909603853235,0.6505496543772735
2024-05-27,0.2889974259660322,0.654422164451913
2024-05-28,0.35999734238649767,0.6407078783172275
2024-05-29,0.24289028682426955,0.6373947210641472
2024-05-30,0.168538372522932,0.5958594663199841
2024-05-31,0.2284578159747923,0.6889703420675662
2024-06-03,0.11011033269859583,0.5941809095515971
2024-06-04,0.19208655582869905,0.6558680243825241
2024-06-05,0.28200802941815967,0.6246806659512746
2024-06-06,0.28472289233303344,0.6276190912554052
2024-06-07,0.498268465441543,0.6249760670722094
2024-06-10,0.1687579864627186,0.6087475894514299
2024-06-11,0.35441818158940797,0.6151840782850264
2024-06-12,0.06608488721521576,0.6120564831786
2024-06-13,0.07934500615255216,0.6657573279089907
2024-06-14,0.253587716368396,0.5768918958677918
2024-06-19,0.06600419524656899,0.6093749115594862
2024-06-20,0.09304716797935339,0.6661199777635736
2024-06-21,0.24194338913261274,0.6820066074101218
2024-06-24,0.38207422612020514,0.6145738099402436
2024-06-25,0.22747983096180197,0.6018322347420407
2024-06-26,0.12071123820486154,0.6603489269812586
2024-06-27,0.10846307741228825,0.6364487291261843
2024-06-28,0.3648159462031001,0.6689121327757128
2024-07-01,0.21563367958855437,0.6364169610336121
2024-07-02,0.25781704651787524,0.6942887885235021
2024-07-03,0.05969054248866965,0.6769976709995921
2024-07-04,0.18264246690117109,0.7146326324837848
2024-07-05,-0.007151319194325862,0.6822256986158162
2024-07-08,0.24786260783152023,0.6601342899425088
2024-07-09,0.16482321922063814,0.6551024102263794
2024-07-10,0.12837969840052496,0.6696982791343389
2024-07-11,0.1580311648179481,0.6732600404131426
2024-07-12,0.1194846584363759,0.6824881561398776
2024-07-15,0.13159471382963014,0.6212190081180414
2024-07-16,-0.009326900660570318,0.6372099928259197
2024-07-17,0.27937331479729355,0.6417987794754335
2024-07-18,0.29092034486274526,0.6450090289629781
2024-07-19,0.25595802050172745,0.624244152380598
2024-07-22,0.35364783798111576,0.5951781182921666
2024-07-23,0.21956712861423988,0.6173283721496459
2024-07-24,0.6539169331682081,0.6726379289369087
2024-07-25,0.17914615042817433,0.5896709816833825
2024-07-26,0.1860965085602616,0.6439436982269754
2024-07-29,0.042453509276193166,0.5787086158426102
2024-07-30,0.30007198431068904,0.6433098776216631
2024-07-31,0.28197364118112,0.6049607448489329
2024-08-01,0.37300492574,0.6820322770609931
2024-08-02,0.36831088435738196,0.6507234845932027
2024-08-05,0.2925144366270413,0.6266680764120465
2024-08-06,0.41180012127595444,0.6408966143357915
2024-08-07,0.4210730419058301,0.6987505332856119
2024-08-08,0.5161251833336656,0.7131921776970679
2024-08-09,0.4635358132033412,0.7269437549653197
2024-08-12,0.23207295925239152,0.6487901684426857
2024-08-13,0.1443542440844642,0.6940096117112141
2024-08-14,0.3229418480587288,0.6589281936702189
2024-08-15,0.3146085170693907,0.6801989355691653
2024-08-16,0.40903944762988076,0.6799478465039741
2024-08-19,0.3824028922624928,0.669411780165222
2024-08-20,0.5447389250863605,0.6635914202308365
2024-08-21,0.16314228384775598,0.6522837037656252
2024-08-22,0.465924607573437,0.6363146196118818
2024-08-23,0.4107436440901874,0.6443733194311282
2024-08-26,0.3750336322692952,0.6173635168964065
2024-08-27,0.22668389480426315,0.641711218351449
2024-08-28,0.09949937509573473,0.6385092343118504
2024-08-29,0.28784523587311744,0.6918736820503211
2024-08-30,0.17302898184090992,0.6185669446212226
2024-09-02,0.42056378419755014,0.6541255282204014
2024-09-03,0.46916533472959165,0.6068215584011938
2024-09-04,0.38925376680701473,0.6472847873256037
2024-09-05,0.22749624471649957,0.6336880022468182
2024-09-06,0.3502212526987106,0.6980817797677534
2024-09-09,0.12603137187299643,0.6318171675103635
2024-09-10,0.31119619995023096,0.616024163470634
2024-09-11,0.36348495752130694,0.6838938328763245
2024-09-12,0.3030401749361134,0.6429568507274526
2024-09-13,0.3864150691907419,0.671831615219661
2024-09-17,0.48080210770617565,0.6540330190166347
2024-09-18,0.402177428421124,0.6302350711415372
2024-09-19,0.6068907128622454,0.5614547139116054
2024-09-20,0.5407052709830571,0.6575587327358468
2024-09-23,0.34811162290980496,0.6231138964969742
2024-09-24,0.37219591980283206,0.6387540953482544
2024-09-25,0.3460933288711176,0.6276597973151231
2024-09-26,0.2291253476254835,0.6691794169638727
2024-09-27,0.27765816555636086,0.6840736020694883
2024-09-30,0.35139094321318637,0.6230902892084828
2024-10-01,0.4265833198715116,0.6373637212709113
2024-10-02,0.5587325373230408,0.7481696433717236
2024-10-03,0.2713514010185434,0.6757799695545512
2024-10-04,0.4908305159694017,0.6726060911531045
2024-10-07,0.5173352602113934,0.6470946841632996
2024-10-08,0.39896613217717103,0.6700493907486437
2024-10-09,0.18455773398600853,0.6584197205579551
2024-10-10,0.358171910483049,0.6597719513246076
2024-10-11,0.2649747351155102,0.6387431126137174
2024-10-14,0.562513903876209,0.7076384133427696
2024-10-15,0.45537426683519727,0.5937770831628593
2024-10-16,0.36224097813674205,0.572661073990406
2024-10-17,0.21088966045741755,0.6596797946780025
2024-10-18,0.27502458294059684,0.6920830429700873
2024-10-21,0.3765497861745875,0.6607594538218616
2024-10-22,0.3562651769689847,0.6419762526756881
2024-10-23,0.2622971953199594,0.6384181423147127
2024-10-24,0.27003954167446903,0.6170336604915054
2024-10-25,0.48140193629992634,0.6080833911624173
2024-10-28,0.11354935953715023,0.6641483253664797
2024-10-29,0.27514414196006665,0.6143463605810952
2024-10-30,0.4341793582588378,0.6494222503174566
2024-10-31,0.21712941967028623,0.6477321614704165
2024-11-01,0.18834441375738373,0.6422480770322185
2024-11-04,0.40913663456952243,0.6460461442439309
2024-11-05,0.23167918780357866,0.6702154987116905
2024-11-06,0.23262803035877092,0.5690421695617668
2024-11-07,0.3211892060576284,0.6538988801483426
2024-11-08,0.05590346357825063,0.6691432643176732
2024-11-11,0.32689953366185504,0.6363120376144177
2024-11-12,0.13647181826504373,0.6494402935289599
2024-11-13,0.19372735215159706,0.6173970772827745
2024-11-14,0.18103608630431653,0.6723400677211337
2024-11-15,0.1540286945452784,0.5694138347302552
2024-11-18,0.061547802903580834,0.7038577552829094
2024-11-19,0.09920721264718643,0.6315315707296171
2024-11-20,0.2469886923605566,0.6466234053857154
2024-11-21,0.1569129064520613,0.6630039258985384
2024-11-22,0.1268207484716946,0.6666361796216036
2024-11-25,0.6641882211344271,0.6285289112247706
2024-11-26,0.5075013235886685,0.6613772774181886
2024-11-28,0.5565447664128309,0.6055466717961939
2024-11-29,0.4063207723994281,0.6211554263366222
2024-12-02,0.3785786945975106,0.5910160064457799
2024-12-03,0.3804856471526861,0.6113390476668012
2024-12-04,0.3382679710554602,0.6236024747797463
2024-12-05,0.2234537623652799,0.6365090197208848
2024-12-06,0.2945873937987482,0.5835638922423833
2024-12-09,0.23310030107559926,0.6145917157994635
2024-12-10,0.4291807085494693,0.5954127331746424
2024-12-11,0.32164099881241487,0.5833173299077222
2024-12-12,0.4899688329982208,0.636328398088826
2024-12-13,0.5561359542215034,0.6805074183276242
2024-12-16,0.3047225274402539,0.627381669393013
2024-12-17,0.2981108244748697,0.6553668518924611
2024-12-18,0.10956934279512152,0.5917242235150065
2024-12-19,0.18525578860821576,0.6274992775290223
2024-12-20,-0.020494062364913627,0.6605280967511704
2024-12-23,0.24222043243092659,0.6684438174964943
2024-12-24,0.29869616137210964,0.6240321580671906
2024-12-27,0.18953276219932746,0.6662635053597386
2024-12-30,0.09792248096001277,0.6249949367044565
2025-01-02,0.2768392330577986,0.658464133568719
2025-01-03,0.2741995285748881,0.6751989819652191
2025-01-06,-0.03677208563616161,0.6492122673481651
2025-01-07,0.18965719976102946,0.6692973066085818
2025-01-08,-0.04118421216931474,0.5921535019517813
2025-01-09,0.20290322882849782,0.6113834936537157
2025-01-10,0.20323576638810886,0.5835221394967408
2025-01-13,0.14630852718451526,0.6031432650952386
2025-01-14,0.203066821346415,0.6390531298549431
2025-01-15,0.2423577975876082,0.6625550419663514
2025-01-16,0.03864398561342009,0.5800073309779744
2025-01-17,0.253447751540145,0.6421359600589491
2025-01-20,0.12065972687100221,0.601437139127033
2025-01-21,0.38018280937229776,0.6538116683429657
2025-01-22,0.18856439398371827,0.6498004317081352
2025-01-23,0.3717267275902362,0.6011772031430648
2025-01-24,0.04218780573713974,0.6490872378050437
2025-01-30,0.16997390327713707,0.6219339232454327
2025-01-31,0.2220957351133459,0.6837977323307023
2025-02-03,0.06712421311335201,0.6274302993886918
2025-02-04,-0.031209076813058262,0.6938877474655336
2025-02-05,0.006843384714201631,0.6486364582565385
2025-02-06,0.3596814155463863,0.6861862582602689
2025-02-07,0.2821236775939118,0.6611064085501976
2025-02-10,0.17151495849400256,0.6422377644749088
2025-02-11,0.24605242077101813,0.6541770812524229
2025-02-12,0.2044144137602596,0.6031793284532804
2025-02-13,0.25458626578712573,0.6450294554898865
2025-02-14,-0.03126556057961854,0.6432962184574484
2025-02-17,0.020948123293939542,0.6849731434685707
2025-02-18,0.2040596552547156,0.6997903682175359
2025-02-19,0.2197093608876781,0.6482254997012276
2025-02-20,0.29164971188203326,0.6840321932410737
2025-02-21,0.13510757154562883,0.6590329917316792
2025-02-24,0.262160061378622,0.6335501759861052
2025-02-25,0.17324558344217159,0.6644671370393879
2025-02-26,0.21871847346287077,0.6590760048718376
2025-02-27,0.2842685253617028,0.597408695747018
2025-02-28,0.06787585335365981,0.6172365995182882
2025-03-03,0.008011490107791697,0.6702687123666882
2025-03-04,0.1701966400322687,0.6071652278068566
2025-03-05,0.34751301304964816,0.6632659741308373
2025-03-06,0.17835157702696178,0.6489001138197414
2025-03-07,0.12445549754691909,0.618031253639994
2025-03-10,0.3639324745939104,0.6710710899876311
2025-03-11,-0.031066510309427177,0.6359371553660654
2025-03-12,-0.029973576269649277,0.639918324139603
2025-03-13,0.10071207347102042,0.5975487315147834
2025-03-14,0.08637801126838571,0.6641413111511075
2025-03-17,-0.028660722904048183,0.7011669625914546
2025-03-18,-0.026316230062105702,0.6447561102603422
2025-03-19,-0.005851673539205923,0.6966323003892257
2025-03-20,-0.005081843346850582,0.765536581971602
2025-03-21,0.10928062745961419,0.7242239843650272
2025-03-24,-0.0670763673927763,0.7043742022608923
2025-03-25,0.0984107895636014,0.6561059196797612
2025-03-26,0.14655523292477382,0.6703695885272833
2025-03-27,0.014396463044874493,0.6642181977285823
2025-04-08,-0.05805264883133988,0.6245479540458425
2025-04-09,0.0918603023786533,0.6418768871064489
2025-04-10,-0.018423539613997154,0.6282251617714174
2025-04-11,0.06185820032981465,0.6583754084192356
2025-04-14,-0.008782806149314301,0.6678761712005068
2025-04-15,0.1087219024480792,0.6431646886840253
2025-04-16,0.15466694752273027,0.5981001747791237
2025-04-17,0.10714257315434171,0.6654694269379412
2025-04-21,-0.047162118333877186,0.6628817900923283
2025-04-22,0.2100776034001377,0.6970902112282683
2025-04-23,-0.05217424934508958,0.6773749444218609
2025-04-24,0.2848917918774317,0.6665803527330205
2025-04-25,-0.04524262966446945,0.6213046847433621
2025-04-28,0.12810726641301906,0.6524787503145454
2025-04-29,0.4409663951306133,0.6382204017931842
2025-04-30,0.35475046308981034,0.6405438895732372
2025-05-02,0.16328319872060326,0.649724460692781
2025-05-05,0.1020705808085529,0.6169985924814351
2025-05-06,0.20524053213334612,0.6175109251570843
2025-05-07,0.41834011321970316,0.655668005588839
2025-05-08,0.26639838575484154,0.6522244435144988
2025-05-09,0.21006694342726365,0.6702374516459286
2025-05-14,0.20916921593900745,0.6551660604902141
2025-05-15,0.2475838903968004,0.6461528987126564
2025-05-16,0.4202151722386183,0.6621048999129733
2025-05-19,0.2753600320053084,0.6430003556493735
2025-05-20,0.28774043054304577,0.6492019133488363
2025-05-21,0.1316705048238421,0.6176241153328962
2025-05-22,0.39768619395406435,0.6493647104350978
2025-05-23,0.33486881438811833,0.6285368695789371
2025-05-26,0.49526778154279544,0.6149856173295438
2025-05-27,0.365858446484715,0.6203417591331044
2025-05-28,0.21657016658947376,0.5990341616220036
2025-06-02,0.4752514413486465,0.6364237864989147
2025-06-03,0.21883037746605014,0.6627379469321537
2025-06-04,0.2523591239200501,0.6345405010335112
2025-06-05,0.11749054622784846,0.6198540047584087
2025-06-10,0.1813304728436992,0.6343367559684668
2025-06-11,0.27422474353534515,0.6228013608129098
2025-06-12,0.22200491845002007,0.5864586505348445
2025-06-13,0.5357111975979525,0.6581512042916098
2025-06-16,0.3325289775132833,0.6673842081918564
2025-06-17,0.328489352335814,0.605219530924194
2025-06-18,0.34356781265226366,0.6665411787252975
2025-06-19,0.3660573386568932,0.600677677285609
2025-06-20,0.2632530572839014,0.6265619890272541
2025-06-23,0.15421901464763935,0.6443598362544947
2025-06-24,0.3574499705922402,0.670439369629599
2025-06-25,0.36162783157360956,0.6608291829199016
2025-06-26,0.06596515688781565,0.6603970579541618
2025-06-30,0.26088564426343164,0.6124423646396926
2025-07-01,0.1912733280717832,0.5736708262601996
2025-07-02,0.2760556032940192,0.6046076712397772
2025-07-03,0.08882660556034296,0.6147507372933545
2025-07-04,0.21443466913053308,0.6207814481407223
2025-07-07,0.40741702093114623,0.6499955748814753
2025-07-08,0.4023958244824946,0.6555725760543774
2025-07-09,0.17098859109695674,0.6434335364967398
2025-07-10,0.24403403058257736,0.6310007099873791
2025-07-11,0.2591917376367992,0.6519953247071333
2025-07-14,0.2846899818571157,0.624069148712839
2025-07-15,0.2963092174353277,0.6599450494610172
2025-07-16,0.394894396450317,0.6469194902081387
2025-07-17,0.49785670675141036,0.6249923546864372
2025-07-18,0.09063040973603177,0.617813603003328
2025-07-21,0.4223927154961173,0.6658964004388426
2025-07-22,0.15191936505641745,0.6608899241657614
2025-07-23,0.38282543720119183,0.6508274235310064
2025-07-24,0.33551172765540227,0.6418622757957704
2025-07-25,0.27030464161888806,0.6767923448737543
2025-07-28,0.3464401533592761,0.6518226907520163
2025-07-29,0.2919941580769852,0.6759384548088571
2025-07-30,0.2703909483966726,0.6350236675786248
2025-07-31,0.3059644322345277,0.6858773376965908
2025-08-01,0.22331486438049203,0.6291037809119131
2025-08-04,0.407329105720122,0.6226646318291051
2025-08-05,0.2231729496885157,0.634628365554345
2025-08-06,0.40602874392248894,0.6421791467511255
2025-08-07,0.22840769754388537,0.6837526308067217
2025-08-08,0.269053444131107,0.5636146130253225
2025-08-11,0.3559579479632979,0.7336135602925857
2025-08-12,0.4321737564855476,0.6284501511312419
2025-08-13,0.29208010839081133,0.6852058937412461
2025-08-14,0.4356133360556436,0.5919666328684918
2025-08-15,0.4137720674651297,0.6090110872844037
2025-08-19,0.4223189823086079,0.6136720251811666
2025-08-20,0.3887435342306136,0.600276310488987
2025-08-21,0.19109444505349352,0.5873615575419133
2025-08-22,0.18215114521914347,0.6094633425844741
2025-08-25,0.46150842494818867,0.6194643185761632
2025-08-26,0.33117141572825604,0.5842914101169159
2025-08-27,0.4309879409831161,0.6016680530585966
2025-08-28,0.11703857499178492,0.6122946264881185
2025-08-29,0.21656200586459354,0.5936823305367749
2025-09-01,0.07896746025605422,0.6090043437592846
2025-09-02,0.7209816483483731,0.6618122421281617
2025-09-03,0.17785133347394302,0.6296124234541141
2025-09-04,0.26159201410886374,0.6505816739026312
2025-09-08,0.2295588598282684,0.5854526210579498
2025-09-09,0.16869181984488774,0.5759221058808817
2025-09-10,0.20662796459615654,0.5608021040126089
2025-09-11,0.27955300321899484,0.6235230289707695
2025-09-12,0.3440888006235559,0.5913404504838404
2025-09-15,0.10475399337091104,0.6092429444584051
2025-09-16,0.24572763419221724,0.5558777599765344
2025-09-17,0.23031306249752342,0.6334611744985933
2025-09-18,0.3644898807150768,0.6168865100287135
2025-09-19,0.37235401676359703,0.6143182210543306
2025-09-22,0.36704927072553495,0.6871673789879154
2025-09-23,0.5105402035441027,0.6111259754883676
2025-09-24,0.34810307894295134,0.5987045803863796
2025-09-25,0.4582018591654789,0.639153298752197
2025-09-26,0.45383585775976865,0.653468560670965
2025-09-29,0.3484814989376077,0.6479930237600413
2025-09-30,0.25792745131731565,0.6708418244415773
2025-10-01,0.2997651754380244,0.6101159550103266
2025-10-02,0.2732909084820231,0.6621827511548217
2025-10-03,0.3324131714809901,0.6087892269581838
2025-10-06,0.39977190107217214,0.6552814861719657
2025-10-07,0.1447626338955011,0.6200990055004981
2025-10-08,0.3476644933799977,0.6296795702533563
2025-10-09,0.36396585694174105,0.6077942276665999
2025-10-10,0.2916243738521179,0.6027143738287994
2025-10-13,0.4829178938237937,0.5990163940312763
2025-10-14,0.13900070819700655,0.603826298624978
2025-10-15,0.3970422936651331,0.6150611386711312
2025-10-16,0.4263281385968988,0.5981766743747504
2025-10-17,0.23954085451439106,0.644518969061219
2025-10-20,0.651067039702317,0.6555281708456232
2025-10-21,0.2927551905504165,0.6840819804723864
2025-10-22,0.3829689370702684,0.6428422334365647
2025-10-23,0.1674662951482133,0.6543058695966506
2025-10-24,0.4292365815385675,0.6577798377968966
2025-10-27,0.2107486692147089,0.6067925085191118
2025-10-28,0.2976811102249863,0.6349003400162816
2025-10-29,0.3087233318136817,0.6527960451197361
2025-10-30,0.5270356948390675,0.6212875244091897
2025-10-31,0.656933802094755,0.6962958648923646
2025-11-03,0.29864646078076396,0.6395772813026596
2025-11-04,0.43319597255954045,0.649597526905313
2025-11-05,0.4808898513944977,0.6361971973427287
2025-11-06,0.403779502030732,0.6547814233281725
2025-11-07,0.5010226536286886,0.6741218113799794
2025-11-10,0.2448916012607673,0.6381571883906567
2025-11-11,0.37343170946405213,0.6689015816687905
2025-11-12,0.2901719735143479,0.6461655279090157
2025-11-13,0.4758457791940243,0.6765755422828467
2025-11-14,0.23007215776061785,0.6676362301850155
2025-11-17,0.2588245711551964,0.67450520436953
2025-11-18,0.3923386345520014,0.7020438295484419
2025-11-19,0.3301221312802308,0.6535253544584102
2025-11-20,0.2975999749569971,0.6952245300943034
2025-11-21,0.5329412450351807,0.6222705493945054
2025-11-24,0.230425168934866,0.646618604920869
2025-11-25,0.4645020174590918,0.6253176067996878
2025-11-26,0.4864675246146323,0.6207452546304261
2025-11-27,0.23613096825762633,0.6195594714309888
2025-11-28,0.3393155462024626,0.6375877574625946
2025-12-01,0.36499651567226477,0.6572061699202079
2025-12-02,0.4671998534345759,0.6531601197798864
2025-12-03,0.3833807615662181,0.6132267976218296
2025-12-04,0.40080462949419093,0.6183785314293673
2025-12-05,0.2116881244270454,0.5972779619783507
2025-12-08,0.7675330037543493,0.7258989214911388
2025-12-09,0.3777119005219403,0.6463144638531738
2025-12-10,0.6547694227296833,0.681999150501743
2025-12-11,0.303085244448401,0.6570166493661457
2025-12-12,0.31125780285699217,0.6486740772862617
2025-12-15,0.7154441551777175,0.6570193683236417
2025-12-16,0.6089981014377402,0.6466011419790123
2025-12-17,0.3871581592888246,0.7333933356360871
2025-12-18,0.650197920176214,0.6670007974401213
2025-12-19,0.405594689870788,0.6672663543656177
2025-12-22,0.34166558896757027,0.647207610202669
2025-12-23,0.4153695312259708,0.630214930260412
2025-12-24,0.179848462903215,0.6558158148771759
2025-12-29,0.23188283397571927,0.6451148355845288
2025-12-30,0.3723862333327626,0.7196535929668959
2026-01-02,0.8073646106668529,0.6949532139106768
2026-01-05,0.3817495650704576,0.6732347111878202
2026-01-06,0.67930588069329,0.7006718009684872
2026-01-07,0.30546310480815786,0.6767556720703006
2026-01-08,0.2813004482635978,0.6193959846376793
2026-01-09,0.4092269114369978,0.6146138694833628
2026-01-12,0.6414517095020891,0.6776480551053786
2026-01-13,0.7311700212374803,0.6672579994285608
2026-01-14,0.7684227230454534,0.6723084685922601
2026-01-15,0.7004108712649983,0.7057460990434631
2026-01-19,0.5469550684188731,0.6766963242039533
2026-01-20,0.4509747692658856,0.6648492657544732
2026-01-21,0.4244153127405428,0.6343528097305114
2026-01-22,0.3278736995251301,0.6458753526054103
2026-01-23,0.7806268499321958,0.7342097056058909
2026-01-26,0.6860579400846458,0.6581763196794396
2026-01-27,1.1788404579996508,0.680418028640541
2026-01-28,0.5357860293712866,0.7577755306432317
2026-01-29,0.4288536190971684,0.6546218795754642
2026-01-30,0.5758475290304064,0.7490478054810243
2026-02-02,0.37541423268577034,0.6728010601108426
2026-02-03,0.2154273484649473,0.6629837967814398
2026-02-04,0.338391852479895,0.7009567874710763
2026-02-05,0.6774547953617315,0.7039435061885535
2026-02-06,0.6849075239289383,0.6528924299055245
2026-02-09,0.2061361603386933,0.6467435881701649
2026-02-10,0.4861793946628345,0.7337185939355909
2026-02-11,0.9981998543836748,0.7129717641145745
2026-02-12,0.7848812231528741,0.6628554400947327
2026-02-13,0.5669524894174153,0.6855266899020505
2026-02-18,0.7932654285748668,0.707915640482207
2026-02-19,0.7211970638636807,0.727898247835551
2026-02-20,0.6300162239827206,0.6853898531396733
2026-02-23,0.6882849615286522,0.6851755731780647
2026-02-24,0.7059711652202106,0.6696114268384847
2026-02-25,0.6651965138813468,0.6275304883786906
2026-02-26,0.23015769252154428,0.6047252797181192
2026-02-27,0.5703183613940042,0.6449416420918141
2026-03-02,0.4767283098409089,0.7107536450369548
2026-03-03,0.9991165164732464,0.6696001527260621
2026-03-04,0.6377942996262642,0.6840135902038239
2026-03-05,0.4812631074795565,0.6703279343947682
2026-03-06,0.5068122104148787,0.6275839118571139
2026-03-09,0.6421897596166781,0.6635727393854819
2026-03-10,0.71099261986733,0.6585900588122627
2026-03-11,0.35193311181189485,0.6387833487561118
2026-03-12,0.45174513551615536,0.638556098551496
2026-03-13,0.3879656991599437,0.6744638342552427
2026-03-16,0.2690885343597327,0.6563179532880395
2026-03-17,0.48756602785184683,0.6468588040401516
2026-03-25,0.5602399471988804,0.6532962093872208
2026-03-26,0.47960451535669396,0.6251258105557018
2026-03-27,0.5428182748455991,0.6691681601153239
2026-03-30,0.8953505761239495,0.6950522042146071
2026-03-31,0.4563087141595243,0.6862617102893945
2026-04-01,0.37779756517417046,0.7023578804893402
2026-04-02,0.2385029771377837,0.5766400447442398
2026-04-06,0.15440753468595594,0.6870873241583385
2026-04-07,0.18404168938746276,0.6789189272894439
2026-04-08,0.8767042647767286,0.6711628102772749
2026-04-09,0.8811027729817167,0.7067174541848373
2026-04-10,0.45413319068574554,0.644160676079399
2026-04-13,0.5952007391530865,0.7364966524174301
2026-04-14,0.6570385030764546,0.6261271907599191
2026-04-15,0.7338150564574575,0.6679509483408654
2026-04-16,0.6788733706351014,0.6351541047581842
2026-04-17,0.3492972683459639,0.6757103557694464
2026-04-20,0.3128152967511923,0.6340116717664562
2026-04-21,0.2844663724070327,0.6762254986607856
2026-04-22,0.8142597679816835,0.6950756826985819
2026-04-23,0.39329314127673615,0.6609050421398902
2026-04-24,0.20626504719967503,0.659840071465169
2026-04-27,0.5897215704765874,0.6726058337845144
2026-04-28,0.20685108860430743,0.6415126530958495
2026-04-29,0.43757803503401765,0.6436003600241651
2026-04-30,0.26038285084126056,0.6482928145081555
2026-05-04,0.5795855981107813,0.6046213326745973
2026-05-05,0.18871930679927845,0.6785110517609183
2026-05-06,0.41558957467825824,0.6771562317536602
2026-05-07,0.2596051612890569,0.6917566035528554
2026-05-08,0.3649953845726567,0.6619828218773474
2026-05-11,0.37707495383011747,0.6517736858799307
