ticker,title,sentiment,score,url
MAPI,"Ada Pengendali Baru, MAPI Gelar Tender Offer di Harga Segini",positive,2,https://www.cnbcindonesia.com/market/20260508173817-17-733576/ada-pengendali-baru-mapi-gelar-tender-offer-di-harga-segini
ANTM,"Terungkap, Prudential & Dapen Malaysia Punya 1% Saham Antam (ANTM)",positive,2,https://www.cnbcindonesia.com/market/20260508151826-17-733513/terungkap-prudential-dapen-malaysia-punya-1-saham-antam--antm-
MAPI,"MAPI Diakuisisi Perusahaan Singapura, Nilainya Rp11,8 Triliun",positive,2,https://www.cnbcindonesia.com/market/20260508164726-17-733557/mapi-diakuisisi-perusahaan-singapura-nilainya-rp118-triliun
BBRI,"Dividen Cair, Pengamat Optimis Saham BRI Berpotensi Melesat",positive,2,https://www.cnbcindonesia.com/market/20260508150814-17-733501/dividen-cair-pengamat-optimis-saham-bri-berpotensi-melesat
BBRI,"Empat Hari Saham BBRI Naik Nyaris 10%, Asing Berebut",positive,2,https://www.cnbcindonesia.com/market/20260507175044-17-733220/empat-hari-saham-bbri-naik-nyaris-10-asing-berebut
BBNI,"BNI Hadirkan Life Goals di wondr, Nabung Haji Jadi Lebih Terarah",positive,2,https://www.cnbcindonesia.com/market/20260507180905-17-733229/bni-hadirkan-life-goals-di-wondr-nabung-haji-jadi-lebih-terarah
BBRI,"Hormati Proses Hukum, BRI Kooperatif Terkait Kasus KoinWorks",positive,2,https://www.cnbcindonesia.com/market/20260507151932-17-733144/hormati-proses-hukum-bri-kooperatif-terkait-kasus-koinworks
TLKM,"Diselidiki Regulator Pasar Modal AS, Telkom (TLKM) Buka Suara",neutral,2,https://www.cnbcindonesia.com/market/20260506120728-17-732698/diselidiki-regulator-pasar-modal-as-telkom--tlkm--buka-suara
BMRI,"Bank Mandiri Siap Bagi Dividen Rp376,95 per Saham, Catat Tanggalnya!",positive,2,https://www.cnbcindonesia.com/market/20260504215414-17-732187/bank-mandiri-siap-bagi-dividen-rp37695-per-saham-catat-tanggalnya
AMRT,"Tertarik Punya Alfamart Sendiri, Segini Biaya dan Balik Modal 2026",neutral,2,https://www.cnbcindonesia.com/market/20260503163040-17-731799/tertarik-punya-alfamart-sendiri-segini-biaya-dan-balik-modal-2026
BBNI,"Saldo Minimum Bank Mandiri, BRI, BNI Terbaru per Mei 2026",neutral,2,https://www.cnbcindonesia.com/market/20260502080256-17-731635/saldo-minimum-bank-mandiri-bri-bni-terbaru-per-mei-2026
BMRI,"Keren, Jajan di Tiongkok Kini Bisa Bayar Pakai QR Bank Mandiri",neutral,2,https://www.cnbcindonesia.com/market/20260501150622-17-731566/keren-jajan-di-tiongkok-kini-bisa-bayar-pakai-qr-bank-mandiri
PTBA,"Laba PTBA Naik 105%, Bos Besar Ungkap Penyebabnya",positive,2,https://www.cnbcindonesia.com/market/20260501060912-17-731440/laba-ptba-naik-105-bos-besar-ungkap-penyebabnya
UNTR,"Laba United Tractors (UNTR) Anjlok 80%, Ada Apa?",negative,2,https://www.cnbcindonesia.com/market/20260430162542-17-731357/laba-united-tractors--untr--anjlok-80-ada-apa
BBRI,"BRI Tak Revisi RBB, Ekonomi Domestik Masih Kuat",neutral,2,https://www.cnbcindonesia.com/market/20260430151631-17-731328/bri-tak-revisi-rbb-ekonomi-domestik-masih-kuat
BBRI,"Saham Terkoreksi Sejak Awal Tahun, Bos BRI Bilang Gini",neutral,2,https://www.cnbcindonesia.com/market/20260430123851-17-731277/saham-terkoreksi-sejak-awal-tahun-bos-bri-bilang-gini
BBRI,"BRI di Tahun Pertama Hery Gunardi: CASA Ngebut, Profitabilitas Tebal",positive,2,https://www.cnbcindonesia.com/market/20260430125728-17-731269/bri-di-tahun-pertama-hery-gunardi-casa-ngebut-profitabilitas-tebal
BBRI,"Optimis Menguat, CEO Astronacci Ungkap Potensi Saham BBRI",positive,2,https://www.cnbcindonesia.com/market/20260430124019-17-731247/optimis-menguat-ceo-astronacci-ungkap-potensi-saham-bbri
UNVR,"Kinerja Apik, Unilever (UNVR) Catat Laba Rp1,3 T di Kuartal I-2026",positive,2,https://www.cnbcindonesia.com/market/20260430122544-17-731243/kinerja-apik-unilever--unvr--catat-laba-rp13-t-di-kuartal-i-2026
BBRI,"Kredit UMKM Menantang, Begini Cara BRI Kelola Risiko",positive,2,https://www.cnbcindonesia.com/market/20260430114634-17-731236/kredit-umkm-menantang-begini-cara-bri-kelola-risiko
BBRI,"Mesin CASA BRI Panas! QRIS, BRImo, hingga BRILink Dorong Likuiditas",positive,2,https://www.cnbcindonesia.com/market/20260430094314-17-731198/mesin-casa-bri-panas-qris-brimo-hingga-brilink-dorong-likuiditas
BBRI,Kinerja Pegadaian & PNM Ngebut! Holding Ultramikro Topang Laba BRI,positive,2,https://www.cnbcindonesia.com/market/20260430095433-17-731201/kinerja-pegadaian-pnm-ngebut-holding-ultramikro-topang-laba-bri
BBRI,"Video: BRI Cetak Laba Bersih Rp 15,5 Triliun di Q1-2026",positive,2,https://www.cnbcindonesia.com/market/20260430100208-19-731205/video-bri-cetak-laba-bersih-rp-155-triliun-di-q1-2026
BBRI,"BRI Panen Dana Murah! CASA Tumbuh 13%, DPK Capai Rp1.555 T",positive,2,https://www.cnbcindonesia.com/market/20260430092748-17-731186/bri-panen-dana-murah-casa-tumbuh-13-dpk-capai-rp1555-t
BBRI,"Kredit BRI Tumbuh 13,7% di Kuartal I-2026",positive,2,https://www.cnbcindonesia.com/market/20260430091901-17-731185/kredit-bri-tumbuh-137-di-kuartal-i-2026
BBRI,"Breaking News! BRI Cetak Laba Rp 15,5 T, Naik 14% di Q1-2026",positive,2,https://www.cnbcindonesia.com/market/20260430063733-17-731117/breaking-news-bri-cetak-laba-rp-155-t-naik-14-di-q1-2026
ANTM,"97% Penjualan Diserap Domestik, Intip Mesin Cuan Antam (ANTM)",positive,2,https://www.cnbcindonesia.com/market/20260429174311-17-731062/97-penjualan-diserap-domestik-intip-mesin-cuan-antam--antm-
BMRI,"Tak Ada yang Diganti, Ini Susunan Komisaris & Direksi Bank Mandiri",neutral,2,https://www.cnbcindonesia.com/market/20260429191732-17-731074/tak-ada-yang-diganti-ini-susunan-komisaris-direksi-bank-mandiri
ANTM,"Bos Antam (ANTM) Ungkap Rencana Pembagian Dividen, Ini Bocorannya",neutral,2,https://www.cnbcindonesia.com/market/20260429184516-17-731071/bos-antam--antm--ungkap-rencana-pembagian-dividen-ini-bocorannya
ANTM,"Tren Pertumbuhan Lanjut, ANTAM Cetak Laba Rp3,66 T di Kuartal I-2026",positive,2,https://www.cnbcindonesia.com/market/20260429184318-17-731070/tren-pertumbuhan-lanjut-antam-cetak-laba-rp366-t-di-kuartal-i-2026
BBNI,"Fundamental Kuat, BNI Optimis Genjot Kinerja 2026",positive,2,https://www.cnbcindonesia.com/market/20260429181823-17-731059/fundamental-kuat-bni-optimis-genjot-kinerja-2026
ANTM,"Antam (ANTM) Bukukan Kinerja Fantastis, Ternyata Ini Alasannya",neutral,2,https://www.cnbcindonesia.com/market/20260429170927-17-731042/antam--antm--bukukan-kinerja-fantastis-ternyata-ini-alasannya
BMRI,"Catat! Bank Mandiri (BMRI) Mau Buyback Saham Rp1,16 Triliun",neutral,2,https://www.cnbcindonesia.com/market/20260429163719-17-731015/catat-bank-mandiri--bmri--mau-buyback-saham-rp116-triliun
BMRI,Tok! Bank Mandiri (BMRI) Sepakat Tebar Dividen Rp44 Triliun,positive,2,https://www.cnbcindonesia.com/market/20260429153142-17-730979/tok-bank-mandiri--bmri--sepakat-tebar-dividen-rp44-triliun
BBNI,"Laba Bersih BNI (BBNI) Tembus Rp5,6 Triliun per Kuartal I-2026",positive,2,https://www.cnbcindonesia.com/market/20260429112040-18-730843/laba-bersih-bni--bbni--tembus-rp56-triliun-per-kuartal-i-2026
BBNI,"Breaking News! BNI (BBNI) Cetak Laba Rp5,66 Triliun di Kuartal I-2026",positive,2,https://www.cnbcindonesia.com/market/20260429095421-17-730807/breaking-news-bni--bbni--cetak-laba-rp566-triliun-di-kuartal-i-2026
